8,7,8,8,7,8,8,7,7,8,7,7,7,9,7,7,6,7,7,7,6,7,8,7,6,7,7,7,7,6,7,6,7,7,7,7,6,6,6,6,7,7,6,6,7,6,6,6,9,9,8,7,11,10,10,10,10,11,11,10,11,10,11,10,12,10,11,10,11,11,11,10,11,10,11,12,11,11,10,10,10,10,11,11,11,10,10,11,11,10,10,11,11,11,11,11,11,11,11,11,11,11,11,11,11,11,11,11,9,10,10,10,6,7,8,8,7,6,6,6,6,6,7,7,6,6,6,6,6,7,7,7,6,6,6,9,7,6,6,6,6,6,6,6,7,6,35,6,6,6,7,6,6,6,6,6,6,6,6,6
6,7,6,7,6,7,7,7,6,6,7,7,6,6,6,6,6,5,6,6,6,6,7,6,6,5,6,5,6,5,6,5,5,5,6,6,6,5,5,6,6,5,5,5,8,6,5,5,10,9,8,9,9,10,9,10,10,10,9,10,9,10,10,10,9,11,9,9,9,10,10,9,9,9,10,10,9,9,9,9,8,10,10,10,10,10,9,9,10,10,9,9,9,10,9,10,10,10,10,10,10,10,10,10,9,10,11,10,10,9,9,9,6,7,9,9,7,6,5,6,5,5,5,5,5,5,5,6,5,5,5,5,6,5,6,5,5,5,5,4,6,5,6,5,5,5,5,6,5,5,4,6,5,6,4,5,5,5,4,6
7,7,7,8,6,7,6,7,6,6,7,7,6,6,6,6,6,6,6,6,6,6,6,6,6,6,6,6,7,6,7,6,6,6,5,6,5,5,6,6,6,7,5,5,9,9,8,7,11,10,9,10,10,10,10,10,10,10,10,10,9,10,9,10,10,11,9,10,10,10,10,10,10,11,10,10,9,10,10,10,10,9,10,10,10,10,10,10,9,10,10,10,10,10,10,10,10,11,11,10,11,10,12,10,10,11,11,11,10,10,10,10,8,9,10,10,6,6,7,9,6,6,6,6,5,6,6,6,6,6,5,5,6,6,6,6,6,6,6,5,6,6,6,6,6,6,6,6,6,6,6,6,6,5,5,5,5,6,6,6
7,7,8,8,7,8,8,7,6,8,6,7,7,7,6,7,6,7,7,6,6,6,7,7,6,6,6,6,6,7,6,6,7,6,6,7,6,5,5,5,9,8,6,5,11,10,9,10,11,10,10,10,10,10,9,10,10,11,10,10,10,10,10,11,10,11,10,10,10,10,11,9,10,10,10,11,10,9,10,10,10,10,10,10,10,11,10,10,11,10,10,10,10,10,10,10,11,10,12,11,11,10,11,11,10,11,10,11,10,11,10,11,9,9,10,10,8,9,9,9,6,6,6,7,6,6,6,6,5,6,6,6,6,6,6,6,6,6,7,6,6,6,6,6,6,6,16,6,6,6,6,6,6,6,6,6,5,6,5,6
7,7,7,7,6,7,7,7,6,7,6,6,7,7,6,6,6,6,6,6,6,5,6,6,5,6,6,11,6,5,7,6,6,5,6,7,7,6,5,6,9,9,9,7,11,10,9,10,11,10,9,10,10,10,10,11,10,10,10,9,11,10,11,10,10,10,10,10,10,10,10,10,10,10,11,10,9,10,10,9,9,9,10,9,10,10,10,10,10,10,10,9,10,10,11,10,11,10,10,11,10,10,11,11,10,11,11,10,11,31,10,10,9,10,10,10,8,9,9,9,5,6,7,8,7,6,5,6,6,5,5,6,6,6,6,6,5,6,5,5,6,5,6,6,5,6,6,6,6,6,5,6,6,5,6,5,6,6,5,5
7,7,8,8,7,7,7,17,7,7,7,7,6,6,6,7,7,6,7,7,7,7,7,7,5,6,6,6,7,6,6,6,6,6,6,7,9,8,7,6,10,9,10,11,11,161,10,10,11,11,10,10,11,10,11,11,10,11,10,11,10,10,11,11,11,10,11,10,10,11,11,10,10,10,11,10,10,10,10,10,10,10,10,10,10,10,11,11,11,11,10,10,9,10,11,11,11,11,11,11,11,11,10,11,11,11,10,10,11,10,11,11,9,10,11,10,10,10,10,10,113,9,9,9,6,6,6,7,6,6,5,6,6,7,6,7,6,6,6,5,6,5,6,6,6,6,7,5,7,6,27,6,6,6,5,5,6,5,6,7
6,6,6,7,6,7,6,6,6,6,7,6,7,6,5,6,6,6,6,6,5,6,6,6,4,5,6,5,6,6,5,5,5,5,5,6,9,9,8,7,10,9,9,9,10,28,9,9,10,11,9,10,10,10,9,10,9,10,10,9,9,10,10,10,9,10,10,9,9,9,11,9,9,10,9,10,9,10,9,10,12,9,9,9,10,9,10,10,10,10,10,10,10,10,10,9,10,10,10,11,10,9,9,10,10,10,10,10,10,10,10,10,8,9,9,10,9,8,10,8,21,7,9,9,5,5,7,7,5,5,4,6,6,7,5,6,6,6,5,5,5,6,6,5,6,5,5,5,5,5,5,6,6,4,5,5,5,5,5,5
6,7,7,7,7,8,7,7,6,6,7,6,7,7,6,6,6,6,6,6,6,6,7,6,7,6,6,6,6,5,5,6,9,8,6,6,10,9,9,9,10,10,11,9,11,9,10,10,10,10,9,11,10,10,10,11,10,10,10,10,10,9,10,10,11,11,10,10,10,10,11,11,10,10,9,10,9,10,9,9,10,9,10,9,10,10,10,10,11,10,10,10,10,10,10,11,11,11,10,10,11,11,10,10,11,11,11,10,10,10,11,11,9,9,10,10,9,9,9,9,8,8,8,10,7,8,8,7,5,6,5,5,6,6,6,6,5,6,6,5,6,6,5,5,6,6,6,5,5,5,6,6,6,6,5,5,5,6,6,6
7,7,7,9,8,7,8,7,6,8,7,8,7,7,6,7,7,7,7,7,6,6,6,7,6,7,6,6,7,7,7,6,9,10,9,7,10,10,10,9,11,9,11,10,11,10,11,11,12,11,10,11,11,10,10,11,11,10,11,10,10,11,11,11,10,11,10,10,10,10,12,10,9,10,11,10,10,10,10,10,10,10,10,10,11,11,11,11,11,11,11,11,11,11,11,11,10,12,11,10,11,11,11,10,10,11,10,10,10,11,11,11,10,10,11,11,10,10,10,10,9,9,9,9,9,8,8,9,6,7,6,8,6,6,6,7,6,7,7,6,6,6,6,6,6,6,6,6,6,7,6,6,6,6,6,6,6,6,6,6
8,8,8,7,7,8,8,7,7,7,7,7,7,7,6,7,7,7,7,7,6,7,7,7,6,7,7,7,8,7,7,7,9,10,9,10,11,10,9,10,10,11,10,10,10,10,10,11,10,10,10,11,11,11,11,11,11,12,10,11,10,11,11,11,10,11,10,10,11,10,10,10,10,9,10,10,10,10,10,11,11,11,10,10,11,10,11,11,10,10,10,10,11,11,11,11,11,11,10,10,11,11,11,11,11,11,10,10,11,11,11,11,10,10,10,11,11,10,10,10,10,10,9,9,9,9,9,9,7,7,8,9,6,6,6,7,6,7,6,5,6,6,7,6,7,6,6,6,7,6,6,6,6,6,6,5,6,6,6,7
7,7,7,7,7,7,7,7,6,7,7,7,7,6,6,7,6,6,6,7,6,5,7,6,6,6,6,6,9,9,7,6,10,10,9,9,10,10,10,10,10,11,10,10,11,11,10,11,10,10,9,10,11,10,10,11,10,10,11,11,10,11,11,10,10,10,10,10,10,9,11,10,10,9,10,10,9,9,10,9,10,10,10,10,10,10,11,11,9,11,10,10,10,10,10,10,11,11,10,11,11,10,10,11,10,10,11,10,10,10,11,11,9,9,10,10,9,9,10,10,9,9,9,9,8,9,9,8,7,8,9,9,6,6,7,7,6,6,6,5,6,5,6,6,5,6,6,6,6,6,5,6,7,6,6,5,5,6,6,6
7,7,6,6,7,7,7,6,7,7,6,6,7,6,6,7,6,6,6,6,5,5,6,6,5,5,5,5,9,8,8,11,16,9,9,10,9,8,8,9,9,9,9,9,10,9,10,9,9,9,8,10,10,11,9,9,10,9,9,10,9,9,9,10,9,9,10,10,9,9,10,9,9,9,8,9,9,10,9,9,9,9,10,9,10,9,9,10,10,9,10,9,10,10,10,10,10,9,10,10,9,9,10,9,9,10,9,9,10,8,10,10,9,9,9,9,9,8,9,9,8,8,8,8,8,8,8,8,7,8,8,8,5,6,6,8,6,5,6,5,5,5,5,5,5,5,5,5,5,5,5,5,5,5,5,4,5,5,4,6
6,6,7,7,7,7,6,7,6,6,6,6,6,7,7,6,6,6,5,6,5,5,5,6,8,7,6,6,10,10,9,9,10,10,9,10,9,10,10,10,10,9,9,9,10,9,10,10,10,10,10,9,9,10,10,10,10,10,10,9,10,9,9,9,10,10,10,10,10,10,9,10,9,9,9,10,10,10,9,9,9,9,10,9,10,10,10,43,10,11,10,9,9,10,10,10,10,9,11,11,10,11,10,10,10,10,10,10,10,10,10,10,9,9,10,10,8,9,10,9,8,9,8,9,8,9,8,8,8,8,8,7,6,8,9,9,5,5,6,5,6,5,6,5,6,6,5,5,6,5,6,5,6,5,5,5,5,5,5,6
7,7,6,7,7,8,7,6,7,7,7,7,7,6,6,6,5,6,5,7,6,6,6,5,9,9,8,7,10,9,9,9,10,10,9,11,10,9,10,10,10,10,10,9,10,9,10,10,9,10,10,10,11,10,10,10,10,10,10,10,10,10,10,10,9,10,10,9,9,11,10,9,10,9,10,10,9,10,10,10,9,10,9,10,9,9,10,10,10,10,9,9,10,9,9,10,10,9,10,10,11,10,10,10,9,10,10,9,10,10,10,10,9,9,10,9,9,9,10,10,9,9,9,9,9,8,9,9,8,9,8,8,8,9,8,9,5,5,6,7,6,6,6,5,6,6,5,6,6,5,5,6,6,6,5,5,5,5,5,5
6,7,6,7,6,6,7,8,6,6,7,6,6,6,6,6,5,6,7,5,6,6,5,5,9,8,9,8,10,9,9,9,9,9,9,9,9,9,9,10,10,10,9,9,9,9,10,9,9,9,9,10,9,10,9,9,10,10,9,10,9,9,9,9,9,10,9,9,9,9,9,9,10,9,8,9,9,9,10,9,9,10,10,9,9,10,9,10,10,10,10,9,9,10,9,10,10,10,10,10,10,10,10,10,9,10,10,9,10,9,10,9,8,9,10,10,9,9,8,8,8,8,8,8,8,8,8,8,8,8,8,8,7,9,8,8,5,6,8,8,5,6,5,5,5,7,5,5,5,5,9,5,6,5,5,5,5,5,5,5
7,8,7,8,7,8,7,7,6,7,7,7,7,7,7,7,6,6,7,7,9,7,6,6,10,9,9,9,10,10,10,10,10,11,10,11,10,10,9,10,10,10,10,10,10,10,10,10,11,10,10,10,11,10,10,10,10,10,10,10,10,10,10,10,10,11,11,10,9,9,10,10,10,9,9,10,10,10,11,10,11,10,11,10,10,10,10,11,10,11,10,10,10,10,10,10,11,11,10,11,11,10,11,11,11,11,10,10,10,11,10,10,9,10,9,10,9,9,9,9,9,9,9,9,8,8,9,9,9,8,9,8,9,9,9,9,7,8,9,8,6,5,6,6,7,6,6,5,6,6,6,6,6,6,6,6,5,6,5,7
8,7,7,7,7,8,7,6,6,7,7,6,7,7,7,7,6,7,7,6,9,9,8,7,10,10,11,9,11,10,10,9,10,11,10,10,10,10,10,11,10,10,10,9,11,10,11,15,10,10,9,10,11,10,11,10,10,10,10,10,10,11,10,11,10,10,10,11,9,9,10,10,10,9,11,10,10,9,10,10,11,10,10,10,10,9,10,10,10,11,11,10,10,10,10,11,10,11,10,11,10,10,11,9,10,11,10,10,11,10,10,11,9,10,10,10,10,10,10,9,9,9,9,9,9,9,8,9,9,12,9,9,9,9,9,9,8,9,9,9,6,5,7,7,6,6,7,6,5,6,6,6,6,6,5,5,5,6,5,6
7,7,7,8,7,7,8,7,6,7,7,6,6,6,6,7,6,7,6,7,9,10,10,8,9,11,10,9,11,10,11,10,10,10,10,10,10,9,10,11,9,10,10,9,11,10,11,11,115,11,10,9,9,10,11,11,10,11,10,10,11,10,10,11,10,10,10,10,9,10,10,10,11,10,20,10,10,10,10,10,11,9,11,11,10,10,10,10,11,10,10,10,10,10,10,10,11,11,10,11,11,10,11,10,10,10,11,10,11,11,10,11,10,10,10,10,9,10,10,10,9,10,9,9,9,9,8,9,9,9,9,8,9,9,9,9,8,9,10,8,7,6,8,8,6,7,5,6,6,6,7,6,7,6,5,5,6,6,6,5
6,6,6,7,6,6,7,6,6,7,6,6,6,6,6,6,8,6,6,6,9,9,9,9,9,9,9,9,10,9,9,10,9,9,9,10,8,10,9,10,10,9,9,9,10,9,9,9,22,9,9,10,10,10,10,10,9,10,10,9,10,10,10,10,9,10,9,9,9,9,9,9,10,9,10,9,9,10,9,9,11,9,10,9,9,10,9,10,10,10,10,10,9,10,10,10,10,10,10,10,10,10,10,9,10,9,9,10,9,10,10,10,9,9,9,10,8,8,8,9,8,9,9,9,8,8,8,8,9,8,8,8,9,9,9,8,8,8,9,9,6,7,9,9,5,6,5,6,5,5,5,6,6,5,6,5,6,5,6,6
6,7,7,8,6,7,7,6,6,7,6,5,6,6,6,7,10,8,6,6,9,9,10,10,9,9,10,10,9,9,10,9,10,9,9,10,9,9,9,10,10,10,9,9,10,9,10,9,9,10,9,10,9,10,9,10,9,10,10,9,9,9,11,10,9,10,10,9,10,8,10,9,10,9,10,10,10,10,9,10,11,10,10,9,9,9,10,9,10,9,9,9,9,10,10,10,10,10,11,9,10,10,10,9,9,10,9,11,9,10,10,10,9,9,9,10,8,9,9,9,9,8,9,9,8,8,8,8,8,8,8,8,9,9,9,8,8,9,8,9,8,8,9,8,6,6,6,5,5,6,6,6,6,6,5,5,6,6,6,5
7,7,6,7,7,7,7,6,6,7,6,6,6,7,5,6,9,9,9,7,9,10,9,9,9,9,10,9,9,10,9,10,9,9,9,9,9,10,10,9,9,10,9,10,9,10,10,10,10,10,9,10,10,9,9,9,10,10,9,10,10,10,9,10,10,10,10,9,9,10,10,9,9,9,10,10,10,9,9,10,10,10,10,9,9,10,9,10,10,10,10,9,10,10,10,10,10,10,10,10,10,11,10,9,10,11,11,10,11,18,10,11,9,9,10,9,9,9,8,9,9,8,8,9,8,9,8,8,8,8,9,8,8,8,9,9,9,10,9,9,8,8,9,9,6,6,5,7,6,6,6,7,5,6,6,5,5,6,6,7
6,7,6,6,6,7,7,5,6,7,6,6,6,6,6,6,9,9,9,8,8,9,9,10,9,9,9,9,9,9,9,9,10,10,9,10,10,9,9,10,9,9,9,8,9,9,10,8,9,9,9,10,9,10,9,10,9,9,10,9,9,9,10,10,9,9,10,9,9,9,9,9,9,9,9,9,9,10,9,10,10,9,9,8,9,8,9,10,10,9,10,9,9,10,9,9,10,10,9,9,10,9,10,9,9,9,10,10,10,10,9,9,8,9,10,9,9,9,8,9,8,9,8,9,8,8,8,8,8,8,8,8,7,8,8,8,9,8,8,8,8,8,8,9,6,6,7,8,5,5,6,6,5,5,5,5,5,5,5,6
6,6,6,7,7,6,6,6,6,7,6,6,8,6,5,6,9,9,9,17,9,9,10,10,9,10,10,10,10,9,9,9,9,9,9,10,9,9,9,9,9,9,10,9,9,9,10,10,9,10,10,10,9,9,10,9,9,9,9,9,9,9,10,9,8,9,9,8,8,8,8,9,9,9,9,9,10,10,9,9,9,9,10,9,10,10,10,10,9,10,9,9,9,10,10,9,9,9,9,10,10,10,10,9,9,9,10,9,10,10,9,10,8,10,10,9,8,9,9,9,8,8,9,8,8,8,8,8,8,8,8,8,8,8,8,9,8,8,9,7,9,8,9,8,5,7,8,8,5,5,5,6,5,6,5,5,5,6,6,5
6,6,6,5,6,5,5,5,5,5,5,5,8,7,5,5,8,8,9,8,8,9,9,8,8,8,8,8,8,8,9,8,8,8,8,8,9,8,8,8,9,9,8,8,9,9,8,9,8,9,9,9,9,9,8,9,9,9,9,9,9,8,9,9,8,8,8,8,8,8,8,8,9,8,8,8,9,9,9,9,8,9,9,9,9,9,9,10,9,9,9,8,9,9,8,9,8,9,9,9,9,9,9,8,8,9,9,9,9,9,8,8,8,9,8,8,8,8,7,8,8,8,8,8,8,7,7,7,7,7,13,6,7,8,7,7,8,8,8,7,8,8,8,8,7,8,8,8,5,5,5,5,5,5,5,5,4,4,5,5
6,6,6,6,6,6,7,5,6,6,6,6,9,9,8,6,9,10,9,9,9,9,9,10,9,9,9,9,9,10,9,9,9,9,9,9,9,9,8,9,9,10,9,9,9,8,9,9,9,10,9,10,9,9,9,9,9,9,10,10,9,10,10,9,9,10,8,9,9,8,8,9,9,9,9,9,9,9,9,10,10,9,9,9,9,9,9,9,9,9,9,9,9,10,9,10,9,9,10,10,10,9,9,8,9,9,9,10,9,10,9,10,8,8,9,9,8,9,8,9,9,8,8,8,8,8,8,8,7,7,8,8,8,8,8,8,8,8,8,7,8,8,8,9,9,9,11,9,5,6,6,6,5,5,5,6,5,6,5,5
6,6,6,5,5,6,6,5,5,6,5,6,9,8,8,8,8,9,9,9,8,9,9,9,9,9,9,9,9,9,8,9,9,10,9,9,9,8,9,9,9,9,9,9,10,9,9,9,9,9,10,9,9,10,9,9,9,9,9,9,9,8,10,9,9,9,9,9,8,9,9,9,9,8,8,9,9,8,8,9,9,8,9,9,9,9,9,9,9,9,8,9,9,9,9,9,9,8,9,10,10,9,10,8,9,9,9,9,9,9,8,10,9,10,9,9,9,8,9,9,8,8,8,8,8,7,8,7,8,8,8,7,8,8,7,8,8,8,8,8,9,8,8,8,9,8,9,8,6,6,7,8,5,6,6,5,5,6,5,5
6,6,6,7,6,6,7,6,8,6,6,7,10,10,9,9,9,9,9,10,10,10,10,10,10,10,9,10,10,10,10,9,10,10,10,10,10,9,9,9,10,10,10,10,10,10,10,10,10,9,11,9,9,10,9,10,9,9,9,9,10,10,9,9,9,9,10,9,10,9,10,9,10,9,10,10,9,10,10,9,9,10,10,10,10,10,10,9,9,9,10,43,9,9,10,10,9,9,10,10,9,9,10,10,10,10,10,10,9,10,10,9,9,9,10,9,9,10,9,9,8,9,9,9,8,8,9,9,8,9,8,8,8,8,8,9,9,9,9,8,8,10,9,9,9,9,9,9,6,7,8,9,5,6,6,6,6,5,7,6
6,7,7,7,7,7,7,7,9,7,7,6,10,11,10,10,10,9,10,10,10,10,11,10,10,9,10,10,10,10,9,10,9,11,10,9,9,9,9,10,10,10,9,10,10,9,11,10,10,10,10,10,11,10,10,11,10,10,10,10,10,10,11,11,9,10,9,10,10,9,9,13,9,10,10,9,11,10,10,10,10,10,188,11,10,10,10,10,9,10,11,10,10,10,11,10,10,10,10,10,10,10,11,10,10,9,10,10,10,10,10,10,9,10,10,11,9,10,10,9,9,9,9,9,7,8,8,9,8,8,8,8,8,8,9,8,9,9,10,9,9,9,10,10,9,9,9,9,7,9,9,10,6,7,6,7,6,6,6,7
7,7,7,8,7,7,7,7,10,9,8,7,11,10,10,10,10,10,10,11,10,11,10,10,10,10,10,11,10,10,10,10,10,11,11,11,10,10,10,11,11,10,10,10,10,12,10,11,11,11,10,9,10,10,10,11,10,11,10,10,9,10,10,11,10,10,10,10,9,10,9,9,10,10,10,10,10,11,10,10,10,10,45,113,10,10,10,11,10,10,10,11,11,10,11,11,10,10,11,10,10,10,11,10,10,10,10,10,10,11,10,11,10,10,10,10,10,11,10,10,9,9,9,9,9,9,9,8,8,9,9,8,9,10,8,9,9,9,10,9,10,10,10,10,9,10,10,9,9,9,9,10,7,7,7,8,6,7,6,7
7,6,6,7,7,7,7,6,10,9,10,7,10,10,10,9,10,10,10,10,10,10,10,10,10,10,9,9,10,10,10,9,9,10,10,10,10,9,10,10,9,10,10,10,10,10,10,10,11,10,9,10,10,10,9,11,10,10,10,10,10,9,10,10,9,10,9,10,10,9,10,9,10,10,10,10,9,10,10,11,10,9,10,27,10,10,10,11,10,10,10,10,10,11,11,10,10,10,9,11,9,10,10,10,10,10,10,11,10,10,9,10,9,10,10,10,9,10,10,9,9,9,9,9,8,8,9,8,10,8,8,8,8,8,9,9,9,9,9,9,10,9,10,9,9,9,9,9,9,10,10,9,6,7,6,8,6,6,6,6
7,6,7,7,7,7,7,7,10,9,9,8,10,11,10,10,10,10,10,10,10,10,10,10,10,9,9,9,10,10,10,10,10,10,9,10,10,10,10,10,10,10,10,10,10,10,10,11,10,9,10,9,10,11,10,11,10,10,10,11,9,9,10,10,10,10,10,9,9,10,10,10,10,10,9,9,10,10,9,9,10,9,10,10,10,10,10,10,10,10,11,10,10,10,11,10,10,10,10,10,10,11,10,10,10,9,11,10,10,11,10,11,10,10,10,11,9,10,9,10,10,9,9,10,8,8,9,9,9,8,8,9,9,9,9,9,9,9,9,9,9,10,10,8,9,10,10,9,9,10,10,10,6,8,8,9,6,6,7,7
7,7,7,8,9,7,7,7,10,10,10,10,10,11,10,10,10,10,10,11,10,11,11,10,10,9,11,10,10,10,10,11,10,13,11,10,10,10,10,10,11,10,11,10,10,10,10,11,11,10,10,10,10,11,10,10,10,10,10,11,10,10,10,10,25,10,10,10,10,10,10,10,10,11,11,10,9,11,10,10,10,11,11,10,10,10,11,10,11,11,11,11,10,10,11,10,10,11,11,11,11,10,11,10,10,10,11,10,10,10,10,11,10,10,10,10,9,10,10,10,9,11,9,10,9,9,9,9,9,9,8,9,9,9,9,9,9,10,9,9,10,9,10,9,10,10,10,9,10,9,10,10,7,8,9,9,6,7,6,6
6,6,7,7,9,8,6,6,9,9,9,9,9,9,9,9,9,9,9,10,10,9,10,9,9,9,10,9,9,9,10,9,9,10,9,9,9,9,9,10,9,10,10,9,10,9,9,10,10,10,10,9,9,10,9,10,9,9,10,10,9,10,9,10,9,9,9,9,9,9,9,9,10,9,10,9,9,9,10,9,9,9,10,9,9,9,10,10,9,10,9,9,9,10,10,9,9,9,9,9,10,10,10,9,9,9,10,9,9,10,10,10,9,10,9,10,8,9,9,9,8,10,9,9,7,8,8,8,8,8,7,8,9,8,7,8,8,9,9,8,9,8,8,8,9,9,9,9,9,9,9,9,7,8,9,9,6,6,5,6
6,7,5,6,9,8,6,5,9,8,9,8,9,8,9,9,9,9,8,8,9,9,9,10,9,9,9,9,9,8,9,9,9,9,9,9,9,9,8,9,9,9,9,9,9,10,9,9,9,9,9,9,9,9,9,9,9,9,9,8,9,8,8,9,9,8,8,8,15,9,8,8,9,9,8,8,9,9,9,9,9,8,9,9,9,9,9,10,10,9,9,9,10,9,8,9,9,9,10,9,20,9,9,9,9,9,9,9,8,9,9,9,9,9,9,9,9,9,8,8,8,8,8,8,7,8,7,8,7,7,7,7,8,8,7,7,7,8,8,8,8,9,8,8,9,8,8,9,8,8,9,8,7,9,8,8,5,5,5,6
8,8,7,8,10,10,9,8,10,12,10,10,11,10,10,10,10,10,10,10,10,10,10,10,10,10,10,10,10,10,11,10,10,10,10,11,11,11,10,11,10,11,11,11,10,11,11,10,10,10,10,10,11,11,11,10,11,10,10,10,10,10,10,11,10,10,11,10,10,10,10,10,11,10,10,11,10,11,10,10,10,11,10,10,11,10,11,10,10,11,9,10,10,11,11,11,11,11,10,11,10,11,11,10,11,10,11,11,10,11,10,11,10,10,10,10,10,11,10,10,10,9,9,10,9,9,9,9,9,9,9,9,9,9,9,9,10,9,9,9,10,9,10,10,10,10,10,10,11,10,10,10,9,10,10,10,7,6,7,8
7,7,7,7,10,10,10,8,9,10,10,10,10,10,10,10,10,11,10,10,10,10,9,10,10,10,10,11,10,10,9,10,10,10,10,10,10,10,10,10,11,11,10,10,10,10,11,10,10,11,10,11,10,10,10,11,10,10,10,10,10,10,10,10,10,10,10,10,11,10,9,10,10,11,10,10,10,10,11,10,11,11,10,10,11,10,11,10,10,11,10,10,10,11,10,11,10,10,11,10,11,11,10,11,12,11,11,11,11,11,11,11,10,10,10,10,10,10,10,10,9,10,10,9,9,9,8,9,9,9,8,8,9,9,9,9,10,9,9,10,9,9,10,9,10,9,9,9,10,9,10,10,9,9,10,10,7,7,7,10
7,6,7,7,9,9,10,9,9,9,10,10,10,10,9,9,10,10,11,10,9,10,9,9,10,10,10,9,10,10,10,10,10,12,9,10,11,11,10,10,12,11,9,9,10,10,10,10,10,10,10,9,10,10,10,11,9,9,10,9,9,10,9,11,10,10,10,10,10,10,10,10,10,10,9,10,10,9,10,10,10,10,11,10,11,10,9,11,10,10,10,10,10,10,10,9,10,11,10,11,9,10,11,9,11,9,10,10,10,10,11,10,10,9,10,10,9,9,9,10,9,10,10,10,9,9,8,9,8,8,9,8,9,8,8,9,9,9,9,8,9,9,9,9,9,9,10,10,10,9,10,10,9,10,9,10,6,7,8,9
9,6,7,7,9,9,9,9,9,9,10,9,9,10,9,9,10,9,9,10,9,9,9,9,9,10,9,10,10,9,9,9,9,10,10,10,9,9,10,10,10,10,10,10,11,9,10,10,10,9,9,10,10,9,10,9,9,10,9,9,9,9,9,9,10,9,9,9,123,10,10,9,9,10,10,10,10,10,9,10,9,10,10,10,9,10,10,10,9,10,10,9,10,10,10,10,10,10,9,9,10,10,10,9,10,10,10,9,10,10,10,10,9,9,9,10,8,9,10,9,9,8,9,9,8,8,9,8,8,8,8,8,8,8,9,9,9,9,8,8,9,9,9,8,9,10,9,9,9,9,9,8,9,10,10,8,6,7,8,9
8,6,6,7,9,8,8,8,9,8,9,9,9,8,8,9,9,8,9,9,8,8,9,9,8,9,9,9,10,8,8,7,8,9,9,9,8,8,9,9,8,9,9,9,8,9,9,8,9,9,8,9,9,9,9,9,9,8,8,9,8,8,8,9,8,10,9,8,22,8,9,9,9,10,8,8,8,9,9,8,8,9,9,8,9,8,9,9,8,9,9,8,9,8,9,9,9,9,9,9,8,9,9,9,9,9,8,8,9,9,8,9,8,8,9,8,9,9,8,8,9,8,8,9,8,8,7,7,7,7,6,8,8,8,7,7,7,7,7,7,8,8,8,7,8,8,7,8,8,8,8,9,8,9,8,8,6,7,8,8
8,8,7,6,9,9,9,9,8,9,9,9,10,9,10,9,9,9,9,9,9,9,9,8,8,10,9,8,8,9,8,8,8,9,9,9,9,9,8,9,9,9,9,9,9,9,9,9,8,9,10,8,9,9,10,9,9,9,9,9,9,9,8,8,8,9,9,9,8,8,9,8,10,10,9,9,9,9,9,9,9,10,9,9,9,9,9,9,9,10,8,9,8,9,9,9,9,8,9,9,9,9,8,10,9,9,9,9,9,9,9,9,8,10,9,10,8,9,9,9,9,8,9,8,7,8,8,8,7,8,7,7,7,8,7,8,8,8,8,8,9,9,8,10,8,8,8,8,9,8,9,9,9,9,9,9,8,7,8,8
9,10,8,7,9,9,9,9,9,9,10,10,9,10,9,10,8,9,9,9,10,10,9,9,10,9,9,9,9,9,10,9,10,10,9,9,8,9,10,9,10,10,10,9,9,9,10,10,9,10,10,9,9,9,10,9,9,10,9,10,8,9,9,10,9,10,10,9,10,9,10,9,9,10,8,9,9,10,10,9,9,10,10,9,10,9,9,10,9,10,10,10,10,10,9,9,10,9,10,9,10,10,10,10,9,10,10,10,10,9,9,10,9,9,10,9,10,9,9,9,9,10,9,10,9,8,8,9,8,8,8,8,8,8,8,9,8,8,8,8,9,8,8,8,9,9,9,9,9,9,8,9,9,9,9,9,8,9,9,9
9,9,9,7,9,9,9,9,9,9,9,9,9,10,10,10,9,10,10,9,9,9,10,9,9,9,10,9,9,10,9,9,9,9,10,10,9,9,10,9,10,9,10,10,10,9,9,10,9,10,10,10,9,10,9,9,10,9,9,8,9,9,9,9,9,10,9,9,10,10,10,9,10,9,10,9,10,10,10,10,10,10,10,10,9,9,10,10,10,9,9,9,9,10,10,9,10,9,9,10,9,10,10,9,10,10,10,9,10,9,9,9,9,9,9,9,9,9,9,9,9,9,9,191,8,8,8,10,8,9,8,8,8,9,8,9,8,9,9,8,8,9,9,9,8,9,9,8,8,9,9,9,9,9,9,10,8,9,9,9
9,9,9,8,9,9,9,10,8,9,9,10,9,9,8,9,9,9,8,10,8,9,9,9,9,9,9,9,10,9,9,9,9,9,9,9,8,9,9,10,9,9,10,9,10,9,9,9,9,9,10,9,9,9,9,9,9,9,9,9,9,9,8,9,9,9,9,13,9,9,9,9,9,9,9,9,9,10,9,9,9,9,10,9,9,9,9,9,9,9,8,9,8,9,9,9,10,9,9,9,9,10,9,10,9,9,9,10,9,8,9,10,8,9,9,10,9,9,9,9,8,9,8,31,8,9,10,8,8,7,8,8,8,8,8,8,8,8,9,8,8,8,9,8,8,8,8,8,8,8,8,9,9,129,9,9,8,9,8,9
10,9,9,9,9,10,10,10,10,9,10,9,10,9,9,10,9,9,10,10,9,9,9,10,10,9,9,9,10,9,9,9,9,9,10,10,9,9,9,10,10,11,9,10,9,9,10,9,9,9,10,9,9,10,9,10,10,9,10,9,9,10,9,10,10,9,10,9,10,9,9,9,10,9,10,10,10,10,9,10,14,9,10,10,10,9,10,10,10,9,10,10,11,9,9,10,10,10,10,10,10,10,10,9,10,10,9,10,9,9,9,11,9,10,9,9,9,10,10,9,9,9,9,9,9,9,9,8,8,8,8,9,9,9,8,8,8,9,9,8,8,9,9,9,9,9,8,9,9,8,9,9,9,24,9,10,8,8,9,9
9,8,9,8,9,9,9,8,9,9,10,9,9,9,9,9,9,8,9,9,9,9,10,10,9,9,10,9,9,9,9,9,9,10,9,9,9,14,9,9,9,9,9,9,11,9,10,9,9,10,10,9,9,10,9,9,9,10,10,9,9,9,9,9,9,9,10,9,9,9,10,10,10,9,9,9,10,9,9,10,9,9,10,9,9,10,10,9,10,10,9,10,9,10,10,9,10,9,9,9,9,10,9,9,8,9,10,9,9,9,8,9,9,9,9,9,8,9,9,9,9,9,9,9,9,8,8,8,8,7,7,8,8,8,8,8,8,9,8,8,9,8,8,8,8,8,9,8,8,9,8,9,9,9,9,8,9,8,9,9
9,9,9,9,9,9,9,8,9,9,9,9,9,9,9,9,9,8,8,10,9,9,9,8,8,9,9,9,9,9,9,9,9,9,9,9,9,9,9,9,9,9,9,9,9,10,9,9,9,9,9,8,10,9,9,9,9,8,8,9,9,9,9,9,9,9,9,9,9,9,10,9,9,9,9,10,9,9,9,9,8,9,9,9,8,9,10,10,10,10,9,9,10,9,9,9,9,9,9,10,8,9,9,9,9,10,9,9,9,10,9,9,9,9,9,32,8,9,9,9,9,9,8,9,8,9,8,8,7,7,7,8,8,7,8,8,9,9,8,7,8,8,9,7,8,9,9,8,9,8,9,9,9,9,9,8,8,8,8,9
10,9,9,13,9,11,9,10,10,10,9,10,10,9,9,9,9,9,9,10,9,9,9,9,9,9,10,9,9,9,9,10,9,10,9,10,10,9,9,10,9,10,10,9,9,9,9,10,10,9,9,9,10,9,10,9,9,10,9,10,9,11,10,9,10,10,10,9,9,9,10,10,10,10,10,9,9,9,9,10,9,10,10,9,9,10,9,9,9,10,10,10,10,10,9,9,10,9,9,9,9,10,10,9,9,9,10,10,9,10,10,10,9,9,10,10,9,9,10,9,8,9,9,9,9,8,9,8,8,8,8,8,7,8,8,8,9,9,8,8,8,9,9,9,9,8,10,9,9,9,9,9,9,9,9,9,9,8,8,9
8,7,7,8,8,8,8,8,8,8,8,8,8,8,8,8,8,8,9,8,8,7,8,9,8,9,8,8,8,8,8,8,8,9,8,8,8,8,8,8,9,8,8,8,8,8,8,8,7,8,8,9,8,8,8,8,8,8,8,8,7,8,8,8,8,8,8,7,8,8,8,8,9,8,8,8,8,8,8,8,8,8,9,9,9,9,8,8,8,8,8,8,8,8,8,8,8,8,9,9,9,9,8,8,8,8,8,8,8,9,9,8,8,8,8,9,8,8,8,8,8,8,8,7,7,7,7,8,7,7,7,7,7,8,7,7,7,8,7,7,7,8,7,7,8,8,7,8,8,7,8,8,7,8,8,8,8,7,7,8
9,8,10,9,9,9,9,9,9,9,8,8,10,9,9,9,8,9,9,9,9,8,9,9,9,8,9,8,9,9,9,9,9,9,9,10,8,9,8,9,9,9,9,9,10,9,9,9,9,10,8,9,9,8,9,8,9,9,8,8,8,9,9,9,9,8,8,9,10,8,10,9,9,9,9,8,9,9,9,9,9,9,9,9,9,9,9,9,10,9,9,9,9,9,9,9,9,9,9,8,9,10,9,9,9,8,9,9,8,9,9,9,9,9,9,9,8,9,9,9,8,9,9,9,8,8,8,8,8,7,8,7,8,8,8,8,8,8,8,8,8,8,8,8,9,9,8,8,8,9,8,9,9,9,9,9,8,9,8,9
9,8,8,9,10,9,9,9,9,9,9,9,9,9,9,9,9,9,9,9,9,9,9,9,9,8,9,9,9,9,8,9,9,9,9,9,9,9,10,9,9,9,9,9,10,9,9,9,9,9,9,9,9,9,8,9,8,9,8,9,9,9,8,9,9,9,9,8,9,9,9,9,9,8,9,10,8,9,9,9,9,9,10,9,9,9,9,9,9,9,9,10,9,9,9,9,9,9,9,9,9,10,8,9,10,9,9,9,10,10,9,10,9,10,9,9,9,9,9,9,9,9,9,9,8,8,9,9,8,8,7,8,8,7,8,8,8,8,8,7,8,8,8,8,8,8,8,9,8,9,9,8,8,9,9,9,9,8,8,9
9,9,9,10,9,9,9,9,9,9,10,10,9,10,9,9,9,9,10,10,10,9,9,10,9,9,9,10,9,9,9,10,9,9,10,9,9,9,10,10,10,10,11,9,10,10,10,10,9,10,9,9,10,10,10,9,9,9,10,9,9,10,9,10,9,9,9,9,9,9,11,9,9,10,10,10,10,10,10,10,10,10,10,9,10,10,10,10,10,10,9,9,9,9,9,10,9,10,10,10,10,9,10,10,10,10,9,10,9,9,10,10,9,9,10,10,9,9,10,10,9,9,9,9,9,9,8,9,9,8,9,8,8,9,8,8,8,9,8,8,8,8,8,8,9,9,8,9,9,9,9,9,9,9,9,10,9,9,9,9
8,8,9,9,9,8,8,9,9,8,8,9,8,8,9,9,9,9,9,9,9,9,8,10,9,9,9,9,9,9,9,8,9,9,9,9,9,9,9,9,9,9,8,9,9,9,9,9,8,9,9,8,9,9,8,8,9,8,9,8,9,10,9,9,9,9,9,8,9,9,9,8,9,9,9,9,9,9,8,9,9,9,9,9,10,8,9,9,9,10,9,9,8,9,9,9,9,9,9,9,9,10,10,9,9,9,9,9,8,9,9,9,9,9,9,10,8,10,8,9,9,8,9,8,7,8,9,9,8,8,8,8,7,7,8,8,8,8,8,7,8,8,8,8,8,13,9,8,8,9,8,9,8,9,9,8,9,9,9,9
9,9,9,9,9,9,9,8,9,9,9,8,9,9,9,9,9,10,9,9,9,9,9,9,9,8,9,9,9,9,9,9,9,9,9,10,9,8,8,9,10,8,9,9,9,9,9,9,9,9,9,9,8,9,9,9,8,9,9,8,9,9,8,9,9,9,9,9,9,9,9,9,9,9,9,9,8,9,10,9,9,9,9,9,9,9,9,9,9,9,9,9,9,10,9,9,9,9,9,9,9,9,10,9,9,9,9,9,9,9,9,9,9,9,10,9,8,9,9,8,9,9,8,9,8,8,8,9,8,8,7,9,8,8,8,8,8,8,9,8,9,8,9,8,9,8,8,8,9,9,9,9,9,9,8,8,9,9,9,9
7,8,8,8,8,8,8,7,7,8,7,7,8,7,7,7,8,7,7,7,8,8,8,8,7,9,7,8,7,8,7,7,7,8,7,8,7,8,8,8,8,8,8,7,8,7,8,7,7,8,7,7,7,7,7,8,7,8,7,8,8,8,7,7,8,8,8,7,8,8,8,8,8,8,7,7,8,8,8,7,8,7,8,7,8,8,7,8,8,8,7,8,7,8,8,9,8,8,8,8,7,8,8,7,8,7,8,8,8,7,8,8,8,7,7,8,7,8,7,7,7,8,7,7,7,7,7,7,7,7,7,7,7,6,6,7,6,7,7,6,6,6,7,7,7,7,7,7,7,8,8,7,8,8,7,7,7,7,7,7
11,10,10,11,10,10,11,11,11,9,10,10,11,10,10,10,10,10,10,10,10,10,10,10,11,11,11,10,10,11,10,10,11,11,10,11,10,10,10,11,11,10,11,10,10,10,11,11,10,10,10,10,10,10,10,10,11,10,10,10,10,11,11,11,10,11,10,11,11,10,11,11,11,11,11,11,11,11,11,10,10,10,10,10,10,10,10,10,11,11,11,11,10,10,11,12,11,11,10,10,10,10,12,10,11,11,11,11,11,10,10,11,10,10,10,10,10,11,10,11,10,10,10,10,9,9,9,10,10,10,9,9,10,10,9,10,10,9,9,9,10,9,10,9,9,10,9,10,10,10,10,11,10,11,10,11,10,10,10,10
8,8,9,9,8,9,9,9,8,8,8,9,9,8,9,8,9,8,9,9,8,8,9,8,9,8,9,9,9,8,8,8,8,9,9,9,8,9,8,9,8,9,9,8,9,8,9,8,9,9,8,9,8,8,8,8,9,8,8,9,9,9,8,8,9,8,8,8,9,9,9,8,9,9,9,9,9,9,9,9,8,9,9,9,9,9,10,9,10,9,8,8,8,9,9,9,8,8,9,8,9,9,9,8,9,9,9,9,9,8,9,9,8,9,9,8,8,9,8,9,7,8,8,8,8,7,8,8,7,8,8,8,8,7,7,7,8,8,8,7,8,7,8,8,8,8,8,8,9,8,8,8,9,8,8,9,9,8,8,8
8,8,9,9,9,9,9,9,9,9,9,9,8,9,9,8,8,9,9,9,8,9,9,9,9,9,8,10,8,9,8,9,9,9,9,8,8,9,8,9,9,9,9,9,9,9,9,9,8,9,9,9,8,9,8,8,9,8,8,9,9,9,8,9,9,9,9,9,10,8,9,8,9,9,9,9,8,9,9,10,9,9,9,8,9,8,9,9,9,10,10,9,9,8,9,9,9,9,8,9,9,9,9,8,9,9,9,9,8,9,9,9,9,9,8,9,8,9,9,8,9,9,8,9,8,8,9,8,7,8,7,8,7,8,8,8,8,8,9,7,8,7,8,8,8,9,8,8,9,9,7,9,8,9,9,9,9,8,9,8
9,9,9,9,9,10,10,10,9,9,9,9,10,10,9,9,10,10,9,10,9,9,9,9,9,9,9,10,9,9,9,9,9,10,9,9,9,9,9,9,9,9,9,9,9,10,10,10,9,9,10,10,9,9,9,10,9,9,9,9,10,10,9,11,9,10,9,10,10,9,10,9,10,10,10,10,9,9,10,10,9,10,9,10,9,9,10,10,10,10,9,9,9,10,9,10,9,9,9,9,9,9,10,9,10,10,9,9,10,9,9,10,9,10,9,10,9,9,10,9,10,10,9,9,9,9,9,9,8,8,9,8,8,9,9,8,9,9,9,9,8,9,9,8,9,9,9,9,9,9,8,9,9,9,9,9,9,9,9,9
8,8,7,7,8,8,8,8,7,7,8,7,8,8,8,8,8,8,8,8,8,8,8,8,8,8,8,8,7,9,8,8,8,8,8,8,9,8,9,8,8,9,8,8,8,8,8,8,8,7,7,8,8,8,7,8,8,8,8,8,8,8,8,8,8,8,9,9,8,8,8,8,8,8,8,8,8,8,8,9,8,8,7,8,8,8,8,9,8,8,7,7,8,9,8,8,8,8,9,8,8,8,8,9,8,9,9,8,8,8,8,9,7,8,8,8,8,8,7,8,8,8,8,8,7,8,8,7,7,7,7,7,7,7,7,7,6,8,7,7,7,7,7,7,7,7,8,7,7,7,8,7,8,8,7,8,8,8,7,7
8,8,8,8,8,9,9,9,8,8,8,8,9,8,9,9,9,8,9,8,9,9,9,8,8,8,8,8,8,9,14,9,8,8,8,8,9,8,9,9,8,9,8,8,8,9,8,9,8,8,9,8,8,8,8,8,9,8,8,8,8,8,8,8,9,9,9,8,9,9,8,8,8,9,9,8,9,9,8,9,9,9,8,9,9,9,9,9,8,8,9,9,8,8,8,9,9,8,9,9,8,9,8,8,9,9,9,9,9,8,9,9,8,9,9,9,7,8,8,8,7,8,8,9,8,9,8,8,7,8,7,7,7,7,7,8,8,7,8,7,8,7,8,7,8,8,7,8,8,8,8,8,8,8,8,7,8,8,8,8
9,9,9,9,9,9,10,9,9,9,9,9,9,9,9,9,10,8,9,9,9,9,9,9,9,9,9,9,10,10,9,8,9,9,9,9,9,9,9,9,9,9,9,9,9,9,9,9,8,9,9,9,9,8,8,9,9,9,9,9,9,9,9,9,9,9,10,10,9,9,9,9,9,8,10,10,9,12,9,9,9,9,10,9,9,9,9,9,9,9,9,9,9,9,9,9,9,9,9,9,9,9,9,9,9,9,9,9,9,10,10,9,9,9,10,9,9,9,9,9,9,8,9,9,8,8,8,8,9,9,9,9,8,9,8,8,7,8,7,8,8,8,8,9,9,9,9,9,8,9,9,9,9,9,9,9,8,8,9,8
8,8,8,8,8,9,8,9,9,8,9,9,9,8,8,8,7,8,8,9,8,9,8,9,9,8,8,8,9,9,8,8,9,8,8,9,8,8,8,8,8,9,9,8,8,8,8,8,8,8,9,9,8,8,9,8,8,9,8,8,8,8,8,9,9,8,8,9,9,9,8,8,9,9,9,9,8,9,9,8,9,8,8,8,8,8,8,9,9,8,8,9,8,9,9,8,8,9,9,9,8,9,9,9,9,9,8,9,8,8,8,9,9,8,9,8,8,8,9,9,7,8,8,8,8,8,8,8,7,7,8,8,8,8,7,8,8,7,7,8,8,8,7,8,8,8,7,8,8,8,7,8,8,9,8,8,8,8,9,8
8,8,8,9,8,8,8,8,9,8,8,8,8,8,9,9,8,8,8,8,8,9,9,8,9,8,8,8,8,8,8,9,8,8,8,8,8,8,8,8,9,9,9,8,8,9,8,8,8,8,9,8,8,8,7,8,8,8,8,8,8,8,8,8,8,9,8,8,9,8,9,9,8,9,9,9,9,8,9,8,9,8,9,9,8,9,8,8,9,8,8,8,8,8,8,8,8,9,8,8,8,9,9,8,8,8,8,8,8,8,9,9,8,8,8,9,8,8,8,8,7,8,8,8,7,8,8,8,7,7,7,7,7,7,7,7,7,7,8,8,8,7,8,8,8,8,8,7,8,8,8,8,8,8,8,8,8,8,10,8
8,8,9,8,9,9,8,8,8,8,9,8,8,8,8,8,8,8,9,8,8,8,8,9,8,9,9,8,9,8,9,8,8,9,8,9,8,8,9,8,8,8,9,9,9,9,9,9,8,9,8,8,8,9,7,8,8,9,8,9,8,8,8,8,8,9,9,8,8,9,9,9,8,9,8,9,9,9,9,9,9,9,9,9,9,8,9,9,8,9,9,9,9,9,9,9,9,8,9,8,9,9,9,8,9,8,9,8,8,8,9,9,8,8,9,8,8,8,8,8,8,8,8,9,7,8,8,8,8,7,8,8,7,8,8,7,7,8,8,7,7,7,8,7,8,8,8,8,8,8,9,8,8,8,8,8,8,8,8,8
8,8,9,9,9,8,9,8,8,8,9,8,9,9,8,9,8,8,8,9,8,8,9,9,8,10,8,9,9,9,8,9,8,8,8,8,8,8,9,9,9,8,9,9,9,9,8,8,9,8,8,9,8,8,9,8,9,9,8,9,8,9,8,9,8,9,9,9,8,8,9,9,10,9,8,9,9,9,9,9,9,9,9,9,9,8,106,9,9,9,8,8,9,9,9,9,8,9,9,9,8,9,9,9,8,8,9,9,9,9,9,9,9,9,8,9,8,9,9,9,8,8,8,9,8,8,8,9,7,8,7,8,7,7,7,8,8,8,8,8,7,8,8,8,9,8,8,7,8,8,8,9,8,8,8,8,8,8,8,9
7,8,7,7,7,8,8,7,8,8,7,7,7,7,8,8,7,7,7,7,8,7,7,7,8,7,7,8,7,7,8,7,6,7,8,7,6,7,7,7,8,7,8,8,8,8,7,7,7,7,7,8,7,7,8,7,8,7,8,8,7,7,7,8,7,8,7,7,7,7,8,7,7,8,8,8,7,8,8,197,8,7,7,8,7,8,20,8,7,8,8,8,7,8,8,7,8,7,7,8,7,8,8,7,8,8,7,8,8,7,7,8,7,8,8,8,7,8,7,7,7,7,8,8,7,7,6,7,7,6,7,7,6,7,6,7,7,7,7,6,7,6,7,7,7,7,7,8,7,7,8,7,7,8,7,7,7,8,7,7
7,8,7,8,7,7,8,8,7,7,8,8,8,7,7,7,8,8,8,8,8,8,8,8,7,8,8,8,8,8,8,8,8,7,8,9,8,7,8,8,8,8,7,7,8,7,8,7,7,8,7,7,8,7,8,7,7,7,7,8,8,8,7,8,8,8,8,8,8,8,8,9,8,8,8,8,8,8,8,31,8,7,8,8,8,8,8,8,8,8,7,8,8,8,9,8,8,8,8,8,7,8,8,8,8,8,8,8,8,7,9,8,7,7,8,10,8,7,7,8,8,7,8,7,7,8,7,7,7,7,7,7,7,6,6,7,7,7,7,7,7,7,7,8,7,7,7,7,8,8,7,7,7,8,8,7,7,7,8,7
7,7,7,7,8,7,8,7,7,7,8,7,7,7,7,8,8,8,8,8,7,8,8,8,8,8,8,8,8,7,7,7,7,7,8,8,8,8,7,7,7,7,8,7,8,7,8,8,7,8,7,7,7,7,7,7,8,7,7,8,8,7,8,8,8,8,7,7,8,8,8,8,8,8,8,8,8,8,8,8,7,8,8,8,8,7,7,8,8,8,8,8,7,8,8,7,8,8,7,8,7,7,7,9,9,7,7,7,8,7,7,8,8,7,7,8,7,7,8,7,7,7,7,7,7,7,7,8,7,7,7,6,6,7,7,7,7,7,6,6,7,7,7,6,7,7,7,6,7,7,7,7,7,8,6,7,7,7,7,7
8,7,8,8,8,7,8,8,8,8,8,8,8,8,8,8,7,7,7,8,7,8,7,8,7,8,8,8,8,8,7,7,7,8,8,8,8,8,7,8,8,7,7,8,8,7,8,7,7,7,8,7,10,8,7,8,8,8,7,7,7,7,7,8,9,8,8,8,8,8,8,7,8,7,8,8,8,8,8,8,8,8,9,7,8,8,8,8,7,8,8,8,7,8,7,8,8,8,8,7,8,7,8,8,8,7,7,8,8,8,8,8,7,7,8,9,7,8,9,7,7,8,7,7,7,7,8,8,7,6,7,7,6,7,6,7,7,7,7,6,7,6,7,7,8,7,7,6,8,7,8,8,7,8,8,7,7,7,7,7
7,7,8,8,7,7,8,8,7,8,8,8,7,8,7,7,7,7,8,8,7,8,7,8,7,7,8,7,8,7,7,7,7,8,8,9,8,7,7,7,8,7,8,7,7,7,7,8,7,7,7,7,8,8,8,7,8,8,8,8,7,8,7,7,9,8,8,8,8,8,8,8,8,8,8,8,7,8,8,8,8,8,7,8,8,8,8,9,7,8,8,8,8,7,8,8,8,7,7,7,8,8,8,8,7,8,7,8,8,7,8,7,8,7,8,7,7,7,8,7,8,7,7,7,7,7,7,7,6,7,8,6,7,6,7,7,7,7,8,7,7,7,8,7,7,7,7,7,7,8,7,7,7,7,7,8,7,8,7,8
8,9,9,9,9,9,9,8,8,8,9,9,9,9,8,8,8,9,8,8,8,8,8,9,8,8,8,9,9,9,9,8,8,9,8,8,8,8,8,9,8,8,9,9,9,9,9,8,8,9,8,8,8,8,8,8,9,8,8,8,9,8,8,8,9,9,8,9,8,9,9,9,9,9,8,9,9,9,8,9,8,9,9,9,9,8,9,9,9,9,9,9,8,9,8,8,8,9,9,8,8,8,9,8,9,9,8,8,9,9,8,9,8,8,8,9,8,8,8,9,8,8,8,9,8,8,7,9,8,8,8,8,8,7,8,7,8,7,8,7,8,8,8,8,8,8,8,8,8,8,7,9,8,8,8,8,9,8,8,8
8,9,9,9,9,8,8,9,8,8,9,8,8,9,9,8,9,9,9,9,8,9,9,8,8,8,9,8,9,9,8,9,8,9,9,9,8,8,8,9,9,9,8,8,8,8,9,9,8,9,8,8,8,8,8,8,8,9,8,8,9,9,9,9,8,9,9,9,9,8,8,9,9,8,9,10,9,9,8,9,10,9,8,9,9,9,9,9,9,9,8,10,8,8,9,9,9,9,9,9,9,9,9,8,9,9,8,8,9,9,8,9,9,8,8,9,9,9,9,9,8,9,9,9,7,9,8,8,9,7,8,8,7,9,8,8,8,8,8,8,8,7,8,8,8,8,9,9,9,8,8,8,8,9,8,9,8,8,8,8
8,8,8,8,9,8,8,8,8,8,8,8,8,8,8,8,8,8,8,9,9,8,9,8,8,8,7,8,8,8,8,9,8,9,9,9,8,8,8,8,8,7,9,8,8,8,9,8,7,7,8,8,8,8,9,8,8,8,9,8,8,9,8,9,9,8,9,8,9,9,9,9,9,8,9,9,8,8,8,8,8,8,9,9,9,8,9,9,8,9,8,9,9,8,8,9,9,8,8,8,9,8,8,8,8,8,8,8,9,9,8,8,8,8,8,9,8,8,9,8,8,8,8,8,8,7,7,8,7,7,7,8,7,7,8,8,8,8,8,7,8,7,8,8,8,8,8,8,8,8,8,8,8,8,8,8,9,7,8,8
7,8,8,8,8,7,8,8,8,8,8,7,8,8,8,7,8,8,8,8,8,7,7,8,8,8,8,8,8,8,7,7,8,9,8,8,8,8,9,8,8,7,8,8,7,8,8,8,7,8,7,8,7,7,7,7,8,7,8,8,8,8,8,8,8,8,8,7,8,8,9,8,8,8,8,8,8,9,8,8,8,8,8,8,8,8,8,8,8,9,8,8,8,11,8,8,9,8,8,8,8,8,8,8,8,8,8,8,8,8,8,8,9,7,8,8,7,8,7,8,8,7,8,7,7,8,9,8,7,7,7,8,7,7,7,7,8,7,8,6,7,7,8,8,7,7,7,7,7,8,8,7,8,8,8,7,8,8,8,8
8,8,8,9,9,9,9,8,9,9,9,9,9,8,9,8,8,8,8,9,9,8,9,8,9,8,9,9,9,8,8,8,9,9,9,9,8,8,8,8,9,9,9,9,8,8,10,9,8,9,9,9,9,8,9,8,8,9,9,9,8,9,9,9,9,9,9,9,9,9,9,9,8,9,9,9,9,9,9,8,9,8,9,9,9,10,9,9,9,9,9,8,8,8,9,9,9,9,9,9,8,9,9,9,9,9,9,9,9,9,8,9,9,8,10,9,9,10,8,8,8,9,37,9,8,8,8,8,8,8,8,8,8,8,8,8,9,8,8,8,8,8,8,8,8,8,9,8,9,9,8,9,9,9,9,9,9,8,9,9
9,8,8,9,8,9,8,8,9,8,9,8,8,9,9,8,8,9,8,9,8,8,8,9,9,9,8,8,9,8,8,8,8,10,9,10,8,8,8,9,9,9,9,8,9,9,9,8,8,9,8,9,8,9,8,9,9,9,9,8,9,9,9,9,9,8,10,9,9,8,10,8,9,9,9,9,9,9,9,9,9,9,9,8,9,9,9,10,9,9,9,8,10,9,9,9,9,8,9,9,9,8,9,8,9,8,9,9,8,8,8,9,8,8,9,9,8,8,8,8,8,9,9,9,8,8,8,8,8,8,8,9,7,8,8,8,8,8,8,8,8,8,8,8,9,8,8,7,9,9,8,8,8,8,9,8,9,8,8,9
7,7,8,8,7,7,7,8,8,8,7,7,8,8,7,7,8,7,7,7,8,8,8,8,8,8,7,8,8,8,7,7,7,7,7,7,8,8,7,8,8,7,7,7,8,8,8,8,8,8,8,8,8,8,7,8,8,8,7,8,8,7,8,8,8,8,8,8,8,8,8,7,8,8,7,8,8,8,7,8,8,7,8,8,7,8,8,8,8,8,8,8,8,8,8,8,8,7,8,7,8,8,8,8,8,8,8,7,7,7,7,8,7,8,8,8,8,7,8,8,8,8,8,8,7,8,7,7,7,7,44,7,7,7,7,7,7,7,7,7,7,6,7,7,7,8,7,7,8,7,7,8,8,8,7,7,7,7,8,8
7,6,7,8,7,8,7,7,7,7,7,6,7,7,7,7,7,7,7,7,7,7,7,7,7,6,7,6,7,7,6,7,7,8,8,6,7,6,7,7,7,7,7,7,7,7,7,7,7,7,7,7,7,7,7,7,7,7,7,7,7,8,8,7,7,7,7,7,7,7,7,7,7,7,7,7,7,7,7,8,8,8,8,7,7,7,7,7,7,7,7,7,7,7,7,7,7,7,7,7,7,7,7,8,7,8,8,7,7,7,7,7,7,7,8,7,7,7,7,7,6,7,7,6,6,7,6,7,6,7,7,6,7,7,5,6,7,6,7,6,6,6,6,6,6,6,7,7,7,7,6,6,7,7,7,7,7,7,7,7
7,7,6,7,7,7,7,7,7,7,7,7,6,7,7,7,8,7,7,7,7,6,7,7,8,7,7,7,7,8,8,7,6,7,7,7,7,7,7,6,7,7,8,7,8,7,8,7,8,7,7,8,7,8,7,7,7,7,7,7,7,7,7,7,7,8,8,7,8,7,8,7,7,7,7,7,7,7,8,7,8,8,8,7,9,7,8,8,8,8,8,7,7,8,8,8,7,8,7,8,7,7,7,8,7,8,7,7,7,7,8,7,7,7,7,7,8,7,8,7,7,7,7,7,7,7,7,7,7,6,7,6,6,7,6,6,7,6,6,6,6,7,7,7,6,7,7,7,7,7,7,7,7,7,8,7,7,6,7,7
7,7,8,8,7,7,8,8,8,8,7,8,7,7,8,7,8,8,7,7,7,8,7,8,8,8,8,7,8,7,7,8,7,8,8,8,8,7,8,8,8,8,9,7,8,7,7,7,8,8,7,8,8,7,7,7,8,8,7,8,7,9,7,8,8,8,8,7,8,8,8,8,9,8,8,8,8,8,8,8,8,8,8,8,8,8,8,8,8,8,8,8,8,8,8,8,7,8,8,8,8,9,8,8,8,8,8,8,8,8,8,8,8,8,8,8,8,8,8,8,7,8,8,7,7,7,8,8,7,7,7,7,7,7,7,7,7,7,7,7,7,6,7,7,7,7,7,7,7,8,7,7,7,7,8,7,8,7,8,8
7,8,8,8,8,8,8,7,7,7,8,7,7,8,8,7,8,8,8,8,8,8,8,8,8,8,9,8,8,8,8,8,8,8,8,8,8,8,8,8,8,8,8,8,8,8,8,8,8,8,7,7,7,8,7,8,8,7,8,8,8,8,8,9,9,9,8,8,8,8,9,8,8,8,8,8,8,8,8,8,7,8,8,8,8,9,8,9,8,8,8,8,7,8,8,8,8,8,9,8,8,7,8,8,7,8,8,8,7,8,8,8,7,7,8,8,8,8,9,8,8,8,8,8,8,8,7,7,7,8,8,7,7,7,6,8,7,7,8,6,7,8,7,7,8,7,8,7,8,7,8,7,7,8,8,7,7,8,8,8
8,8,8,8,8,8,7,8,8,8,8,8,8,8,8,8,8,8,8,8,8,8,8,8,8,8,8,8,8,8,8,8,8,9,9,8,8,8,8,8,8,8,8,8,9,8,8,8,8,8,8,8,8,8,8,8,9,8,8,8,8,8,8,8,9,9,8,8,8,8,8,8,9,8,9,9,8,8,8,8,8,8,9,8,8,8,9,8,8,9,8,8,8,9,9,8,9,8,9,9,8,8,8,8,8,8,8,8,8,8,8,9,8,8,8,8,8,9,8,8,8,9,8,8,7,8,8,8,8,7,7,7,7,7,7,7,7,7,7,7,7,8,7,8,8,8,8,7,7,8,7,7,8,8,8,8,8,7,7,8
7,8,8,7,7,7,7,7,7,6,7,7,8,8,7,7,8,7,8,7,7,8,7,7,8,8,8,8,8,8,7,7,7,7,7,7,7,7,8,8,7,8,7,7,7,7,7,8,7,7,7,8,7,8,6,7,7,7,7,8,8,8,7,7,8,8,8,8,8,8,8,8,8,7,8,8,8,8,8,7,7,8,8,8,8,8,9,9,8,8,7,8,8,8,7,8,7,7,8,8,7,8,8,8,7,8,7,7,7,8,7,9,8,7,8,7,8,8,7,7,7,7,7,7,7,7,7,7,7,7,7,6,7,7,7,7,7,7,7,7,8,6,6,7,6,7,8,7,7,7,7,6,7,8,8,8,7,7,7,8
7,7,7,7,7,8,8,7,7,7,7,7,8,7,7,6,7,6,7,8,7,7,6,8,13,7,7,8,8,7,6,7,7,7,7,7,7,7,7,7,7,7,7,7,8,7,7,7,7,8,7,7,7,8,7,7,8,7,7,7,7,7,7,8,8,8,7,7,8,8,8,7,7,7,7,7,8,7,7,8,7,7,7,7,8,7,7,7,7,7,7,7,7,7,8,8,8,7,8,7,7,7,8,7,7,7,8,7,7,8,7,8,7,8,7,8,7,7,10,8,7,8,7,7,6,7,7,7,7,7,7,7,6,6,7,6,7,6,7,7,7,6,7,7,7,7,7,6,7,7,7,7,7,7,7,8,7,7,7,7
7,8,7,7,7,8,7,7,7,7,8,6,7,7,7,8,7,7,7,7,7,7,7,7,7,7,7,7,8,7,7,7,7,7,7,7,7,7,7,7,8,8,7,7,7,7,7,7,7,7,7,7,8,7,7,7,7,7,7,8,7,8,8,7,7,8,7,7,8,7,8,7,7,7,7,7,7,8,8,8,8,8,8,7,7,7,7,8,7,7,8,7,7,7,7,8,8,7,8,8,8,8,7,8,7,7,8,8,7,7,7,8,7,7,7,7,7,7,7,7,6,7,7,7,7,7,7,8,7,7,7,7,7,7,6,6,7,6,7,6,6,6,7,6,7,7,6,7,7,7,6,7,7,7,7,7,7,7,7,7
8,8,7,8,7,8,8,8,7,8,8,8,8,8,8,7,8,7,8,8,8,8,8,8,8,8,8,9,9,8,8,8,8,8,7,7,7,7,8,8,7,8,8,8,8,8,8,9,8,8,8,8,8,8,7,8,8,8,8,9,8,8,8,10,8,9,8,8,8,8,9,9,8,8,8,8,8,9,8,8,8,8,8,8,8,9,8,9,8,8,8,8,8,8,8,9,8,8,8,8,8,9,8,8,8,8,8,9,8,8,8,8,7,8,82,8,8,8,8,8,8,8,8,7,8,8,7,8,7,7,8,8,8,7,9,7,8,7,8,7,7,8,7,8,7,7,8,8,8,8,7,7,7,7,8,7,7,8,7,9
8,8,7,8,7,7,8,7,7,7,8,7,7,8,8,8,8,7,7,8,8,8,8,8,7,8,8,7,8,8,8,7,8,7,8,7,8,7,8,7,7,8,8,8,7,8,8,8,8,8,7,7,7,8,8,8,8,8,8,8,8,9,8,8,8,8,8,8,8,8,8,9,8,8,8,8,8,9,8,8,8,8,8,8,8,8,7,8,8,8,8,8,8,8,8,9,8,8,8,8,8,7,8,8,8,7,7,7,8,7,8,8,7,7,7,8,8,8,8,7,7,8,7,7,7,8,8,8,7,7,7,8,7,7,7,7,7,7,7,6,7,7,7,7,8,7,8,7,8,7,7,8,8,8,7,8,8,7,8,7
6,7,7,7,7,7,7,7,6,7,7,7,7,7,7,7,7,6,8,7,8,7,7,7,7,6,8,8,7,6,7,7,7,7,6,7,7,7,7,8,7,7,7,7,8,7,7,7,7,7,7,98,7,7,7,7,7,7,7,7,7,8,7,7,8,8,8,7,7,8,7,7,7,7,7,7,7,8,7,7,7,8,7,7,7,7,7,8,7,7,7,7,7,7,9,7,7,7,8,7,7,7,8,7,7,8,7,7,7,7,7,8,6,7,7,7,8,6,6,7,7,7,6,6,7,7,7,7,6,7,6,7,6,7,6,7,6,6,6,6,7,7,6,6,6,7,6,7,7,6,7,7,7,7,7,7,7,7,7,7
7,7,9,8,7,8,8,7,7,8,7,8,8,8,7,7,8,7,8,7,8,7,8,7,7,7,8,8,7,7,7,7,8,7,8,7,7,7,7,7,8,7,8,7,7,7,8,8,7,7,8,18,8,8,7,8,8,8,8,8,8,8,7,7,8,8,8,8,8,9,8,8,8,7,8,8,7,8,8,8,8,8,8,7,8,8,8,9,7,8,8,8,8,8,8,8,7,8,7,8,8,8,7,7,8,8,7,8,8,8,8,8,8,8,7,8,8,7,8,7,8,8,8,7,7,8,8,7,8,7,7,7,7,8,7,7,7,7,7,7,7,6,7,7,7,7,7,7,7,7,7,7,7,7,7,8,8,7,7,7
7,7,8,7,7,8,7,7,8,8,7,7,7,7,7,7,7,7,8,8,7,7,7,7,7,8,7,7,7,7,7,7,7,8,8,8,7,7,7,8,8,7,7,7,7,8,7,7,8,7,7,7,7,7,7,7,8,7,8,7,7,7,8,8,8,8,8,8,8,8,8,8,8,7,8,7,7,8,8,8,7,8,8,7,8,7,8,8,8,7,7,8,7,8,8,8,8,7,8,7,7,8,7,8,8,8,7,7,8,8,7,8,8,8,7,7,7,7,7,7,7,7,7,8,7,8,7,7,7,7,7,7,7,7,7,6,6,6,7,7,7,7,7,7,7,7,7,7,7,7,7,7,7,7,7,8,7,7,7,7
7,7,7,7,7,8,19,7,7,7,7,8,8,7,8,7,8,8,7,7,7,7,8,7,7,8,7,7,8,7,8,7,8,7,8,8,7,8,8,7,8,8,8,7,8,7,8,8,7,7,7,8,8,8,7,8,8,8,8,8,8,8,8,8,8,8,8,8,8,8,8,7,8,8,8,8,8,8,8,9,8,8,8,8,8,8,8,9,8,8,8,8,8,8,8,8,8,8,9,7,8,8,8,8,8,8,8,8,8,8,8,8,8,8,8,8,7,7,8,8,7,8,7,8,7,8,8,8,7,8,7,7,7,7,7,7,7,7,8,7,7,7,7,8,8,7,8,8,7,8,8,7,8,8,7,8,7,7,7,8
7,7,7,7,7,8,7,7,7,8,7,7,8,8,7,8,7,7,7,8,7,7,7,7,7,7,7,8,8,7,8,8,7,8,7,8,7,13,7,7,7,8,8,7,8,7,8,7,8,8,7,7,7,7,7,7,8,8,8,8,8,8,8,8,7,8,8,7,7,7,7,8,7,8,7,8,8,7,8,8,7,8,9,8,8,7,8,8,8,8,7,7,7,8,8,8,7,8,8,8,7,8,8,7,8,8,7,8,7,7,8,8,7,7,8,8,8,7,7,7,7,8,8,8,7,7,7,7,7,7,7,7,7,6,7,6,7,6,7,7,7,7,7,7,7,7,7,7,7,7,7,8,7,7,7,8,8,8,7,8
7,6,7,7,7,6,7,8,7,7,7,7,7,7,7,7,7,6,7,7,7,7,8,7,6,7,7,7,7,8,6,6,7,7,7,7,8,7,7,7,7,7,7,7,7,7,7,7,7,8,7,7,7,7,7,7,8,7,8,7,8,7,7,7,7,7,8,7,8,7,8,8,8,7,7,8,8,7,8,7,7,8,7,7,8,7,8,8,8,8,7,7,8,7,7,7,7,7,8,8,8,7,8,7,7,7,8,8,7,7,7,7,7,7,8,7,7,8,7,7,7,7,7,7,7,7,7,7,7,7,7,7,7,7,7,6,7,6,7,6,7,7,7,6,7,7,6,6,7,6,7,7,7,7,6,7,6,7,7,8
7,8,8,8,7,8,7,7,8,8,8,8,7,7,8,8,7,7,7,8,8,8,7,8,7,7,7,8,7,8,7,8,7,8,8,7,7,8,7,7,8,8,8,8,8,7,7,8,7,8,9,8,8,7,8,8,8,8,8,8,8,8,9,7,9,8,8,8,8,8,8,8,8,8,8,8,8,8,8,7,8,8,8,7,8,8,7,8,9,8,8,8,8,8,8,8,8,8,8,8,8,8,8,8,8,8,8,8,8,8,8,8,7,8,8,8,8,8,7,8,8,7,8,8,8,8,7,7,8,8,7,7,8,7,7,8,7,7,7,7,7,7,7,7,7,7,7,7,8,8,7,7,8,8,8,7,7,8,8,8
7,7,7,7,7,7,6,7,7,7,7,7,8,7,7,7,7,7,7,8,7,7,7,7,7,7,8,7,7,6,7,6,6,7,7,7,7,7,7,7,6,7,7,7,7,7,8,7,7,7,7,7,7,7,7,7,8,8,7,8,7,7,8,7,8,7,8,7,7,7,8,7,8,8,7,7,7,8,7,7,7,7,8,8,7,7,7,8,7,8,8,7,7,7,7,7,8,7,8,8,8,7,8,8,7,7,7,7,7,7,8,7,7,7,7,7,7,7,7,8,7,6,7,7,7,8,6,7,7,7,7,7,7,7,6,6,6,6,6,7,6,6,7,7,7,7,6,6,7,7,6,7,7,7,6,7,7,7,7,7
8,8,8,7,8,7,8,7,8,7,7,8,7,7,8,7,7,7,8,8,7,8,7,8,8,8,8,8,8,7,7,7,7,8,8,8,7,8,7,8,8,8,7,8,8,8,8,8,8,8,8,7,8,8,7,7,8,8,8,8,8,8,8,8,8,8,8,8,8,8,8,8,9,9,8,8,8,9,8,8,8,8,8,8,8,7,8,8,9,8,7,8,7,8,7,8,8,7,8,8,7,8,8,8,8,9,8,8,8,8,8,8,7,8,8,8,8,8,8,8,7,8,7,8,7,8,7,8,8,7,7,7,7,7,7,8,7,7,7,7,7,7,7,7,8,8,7,8,7,8,7,7,8,7,8,8,8,7,7,8
7,7,7,7,7,6,7,6,6,7,7,7,7,7,6,7,6,8,7,7,7,7,7,8,7,6,6,7,7,7,7,6,6,7,8,7,7,7,7,7,7,7,7,6,7,7,7,7,7,7,6,7,7,7,7,6,7,6,8,8,7,7,7,7,7,8,7,7,7,7,7,7,8,7,7,8,7,7,7,7,7,7,7,7,8,8,7,7,8,7,7,6,7,7,7,8,7,7,7,8,7,8,7,7,8,7,7,7,7,7,8,7,7,7,7,7,7,7,7,7,7,7,7,7,7,7,7,7,6,7,6,7,6,6,7,6,6,6,7,6,7,6,6,6,7,6,6,7,7,7,7,7,6,7,7,6,6,6,7,7
7,7,7,7,7,7,7,7,7,7,7,7,7,7,7,7,7,6,8,8,7,7,8,7,7,7,7,7,8,7,7,7,7,7,8,7,7,7,7,7,7,7,7,7,8,7,7,7,6,7,7,7,8,7,7,7,7,8,7,7,7,7,7,7,7,7,7,7,7,7,7,7,7,7,8,7,6,8,7,7,7,7,7,8,7,7,7,8,7,8,8,8,7,8,7,8,8,7,8,8,7,8,8,7,7,8,7,8,7,7,8,8,7,7,8,7,7,7,8,7,7,7,7,7,7,7,7,7,7,6,7,7,7,7,6,7,6,7,6,6,6,7,6,6,6,7,6,7,7,7,7,7,6,7,7,7,7,6,7,7
6,7,8,7,8,8,7,8,7,7,7,7,7,7,8,7,7,7,7,7,7,7,7,7,7,7,7,8,7,7,7,7,7,7,7,7,8,7,8,8,7,7,7,7,8,7,7,7,8,7,7,7,8,7,7,7,7,7,8,7,7,7,8,7,7,7,7,7,7,7,8,7,8,8,8,9,7,8,8,8,7,8,8,8,8,8,8,8,8,7,7,8,7,8,8,7,7,7,8,8,8,7,8,7,8,9,7,7,8,8,7,8,7,7,7,7,7,8,8,7,7,8,8,7,7,7,7,8,7,7,7,7,7,7,7,7,7,6,7,7,7,7,6,6,6,7,6,6,7,6,7,7,8,7,7,6,7,6,7,7
7,7,7,7,7,8,7,7,7,7,7,7,7,7,7,7,7,7,7,7,6,7,8,6,7,7,7,7,7,6,7,7,7,8,7,7,7,7,7,7,7,7,7,7,7,7,8,8,7,7,7,7,8,7,7,7,8,7,7,8,7,8,7,8,7,7,7,7,8,8,7,7,7,7,8,8,7,7,7,7,8,7,7,7,9,8,8,8,7,7,7,8,8,7,8,8,7,7,8,8,8,7,8,8,8,8,7,8,7,8,7,7,7,7,8,7,7,7,7,7,7,7,7,8,7,8,8,7,7,7,7,7,7,7,6,7,7,7,7,7,6,6,7,8,6,7,7,7,7,7,7,7,6,7,7,7,8,7,7,8
7,7,6,6,7,7,7,7,7,7,6,6,7,7,6,7,7,7,7,7,7,7,7,7,7,7,6,6,9,7,6,6,7,7,6,7,6,6,6,6,7,7,7,7,7,7,7,7,7,6,7,6,7,7,7,7,6,7,7,7,7,7,7,8,7,7,7,7,7,7,8,7,7,8,7,6,7,7,7,7,6,7,7,7,7,7,7,7,7,7,8,7,7,7,7,7,7,7,7,7,8,7,8,7,7,7,7,7,7,8,7,8,7,7,7,7,7,7,7,7,7,8,7,7,7,7,7,7,7,7,6,7,6,7,6,7,7,6,7,6,6,6,7,6,6,6,7,6,6,7,7,7,7,7,7,7,6,6,6,7
6,7,7,7,7,7,7,7,7,7,8,6,7,7,7,7,7,6,7,7,7,7,7,7,7,7,7,7,8,7,6,7,8,8,7,7,7,7,7,6,8,7,7,7,8,8,7,7,7,7,7,7,7,7,7,7,7,7,7,8,8,8,7,7,8,7,7,8,8,7,8,8,8,7,8,8,8,7,7,7,8,8,8,7,7,7,8,7,7,7,11,7,8,8,8,8,8,7,8,7,7,8,8,8,7,8,8,8,7,7,7,7,7,7,7,8,8,7,7,7,8,7,8,7,7,7,7,7,7,7,8,7,7,7,7,8,7,7,7,6,7,6,7,7,7,6,7,6,7,7,7,7,7,8,7,7,8,7,7,8
6,7,7,7,7,7,7,7,7,7,7,7,7,7,7,7,7,7,7,7,7,7,8,7,7,7,7,7,7,7,7,7,7,7,7,7,7,7,7,6,8,7,7,7,8,7,7,7,6,7,7,7,7,7,7,8,7,7,7,7,7,7,8,8,7,7,7,7,7,7,7,7,7,7,8,8,7,8,8,8,7,8,7,7,7,8,8,8,7,7,8,8,7,8,8,7,8,7,7,7,7,7,8,8,7,8,8,8,7,8,7,8,7,7,8,8,8,7,7,7,7,7,8,7,7,7,7,7,7,8,8,7,7,8,6,7,6,6,7,7,6,6,7,7,6,7,6,7,7,7,6,7,7,7,6,7,7,7,6,7
7,6,7,7,7,7,8,7,7,7,7,6,8,6,6,7,7,7,7,6,6,7,7,7,7,7,7,7,7,7,6,6,7,6,7,7,7,6,7,7,7,6,7,7,7,7,7,7,7,7,7,7,7,7,7,7,7,7,7,7,7,7,7,7,8,7,7,7,7,7,7,8,7,7,8,7,7,8,7,7,7,8,7,7,8,7,8,8,7,7,8,7,7,7,7,7,7,8,8,7,7,8,7,7,7,7,8,8,7,7,7,8,7,7,7,7,7,7,6,8,7,7,7,7,7,7,7,6,6,7,7,6,7,7,7,7,6,7,7,6,7,6,6,6,6,6,7,6,7,7,6,7,6,6,7,7,7,6,7,7
6,7,7,7,7,7,7,7,8,7,8,8,7,7,7,7,7,7,8,8,7,8,7,7,7,8,7,8,7,7,8,7,8,8,7,8,8,7,7,7,7,7,7,7,8,7,7,7,7,7,7,7,7,7,7,7,7,7,7,8,7,7,7,7,8,8,7,7,8,7,7,8,8,8,8,8,8,8,7,8,8,7,8,7,7,7,7,7,8,8,8,8,7,8,8,7,7,8,8,8,8,7,8,7,7,8,7,8,7,8,7,8,8,7,8,7,7,8,7,7,8,7,8,8,7,7,8,7,7,7,6,7,8,7,7,7,6,7,8,7,7,7,7,7,7,7,7,7,7,8,7,7,7,7,7,7,7,6,7,7
7,7,7,7,7,7,7,7,7,7,7,7,8,7,7,7,7,7,7,7,7,7,7,7,7,8,8,8,8,7,7,7,8,7,7,8,8,7,7,7,7,6,8,8,7,7,8,7,7,8,7,8,7,7,8,8,7,7,7,7,7,8,7,8,7,8,7,7,8,8,8,8,8,8,7,7,7,8,8,8,8,8,8,8,7,7,7,8,8,8,8,7,7,7,8,7,7,8,7,8,7,8,7,7,8,8,8,8,7,7,7,8,8,7,8,8,8,7,8,7,7,8,7,8,8,8,7,7,8,7,7,7,7,7,7,7,7,10,7,7,6,7,7,6,7,7,7,7,7,7,7,8,7,8,7,7,7,7,7,7
8,8,8,8,8,8,8,8,8,8,9,8,7,8,8,7,8,7,8,9,8,8,8,8,8,8,8,8,9,7,8,8,7,8,7,8,8,8,8,8,7,7,7,8,8,8,8,8,9,9,8,8,8,9,8,8,8,8,8,8,9,9,8,8,9,8,8,8,8,8,9,8,8,8,8,9,9,9,8,8,8,8,9,9,8,9,9,9,9,8,10,9,9,8,9,8,8,8,8,9,8,8,8,8,8,8,9,8,8,9,8,9,8,9,8,8,8,8,7,8,8,9,8,8,9,8,8,8,8,8,8,8,7,8,8,8,8,7,7,8,7,7,8,7,7,7,7,7,8,8,8,8,8,8,8,8,8,7,8,8
7,7,7,7,6,7,8,7,7,7,7,7,7,7,7,7,7,7,7,6,7,7,7,7,8,6,7,8,8,7,7,8,7,7,7,7,7,7,7,7,7,7,7,7,8,7,7,6,7,7,7,7,7,7,7,7,7,7,7,7,7,7,7,7,8,8,8,7,7,7,8,7,8,7,8,7,7,8,7,8,8,7,8,7,7,8,7,8,8,8,7,7,7,8,8,8,8,7,7,8,8,8,7,8,8,8,7,8,7,7,7,8,7,8,8,7,7,7,8,7,7,7,7,7,7,7,7,7,7,8,7,7,7,7,6,7,7,7,6,7,7,6,7,7,7,7,7,7,7,7,7,7,7,8,7,7,7,7,6,7
7,6,7,7,7,7,7,7,7,6,7,6,7,7,6,7,7,7,7,6,7,7,6,6,7,6,7,7,7,7,6,7,7,7,6,7,7,6,6,7,7,7,7,7,8,7,7,7,7,7,7,7,7,7,6,7,7,7,6,7,7,7,7,7,8,7,8,8,7,7,7,7,7,7,7,8,7,8,8,7,7,7,6,7,7,7,6,7,7,8,7,7,7,7,8,8,7,7,7,7,7,7,7,7,8,8,7,7,7,7,7,7,7,7,7,8,7,7,7,8,7,7,7,7,7,6,7,7,6,7,6,6,7,7,6,7,7,6,7,6,7,6,6,6,6,6,7,6,7,6,7,7,7,7,6,7,7,6,7,7
7,6,6,6,7,7,7,7,7,6,7,6,6,6,7,6,6,7,7,7,7,6,7,7,6,6,6,6,6,6,7,6,6,6,7,6,6,6,7,6,7,6,7,6,6,6,7,7,6,7,7,7,7,6,7,7,7,6,7,7,7,6,7,7,7,7,7,7,7,7,7,7,7,7,7,7,7,7,7,7,7,7,7,6,7,7,6,7,7,7,7,7,6,7,7,7,7,7,8,7,7,7,7,7,6,7,7,6,6,6,7,8,7,7,7,6,7,6,6,7,6,7,7,7,6,7,6,6,6,7,7,6,7,7,6,6,6,6,7,7,6,6,7,6,6,6,6,6,6,6,7,9,6,7,6,7,6,6,6,6
7,7,6,6,7,7,6,6,6,7,7,7,6,6,6,6,7,6,7,6,6,7,6,7,6,6,6,7,7,7,6,6,7,7,6,7,7,6,7,7,7,6,6,6,6,6,7,7,7,7,6,6,6,7,6,7,7,7,7,7,6,7,7,7,7,7,7,6,7,6,7,7,7,7,7,7,6,6,6,7,7,7,7,7,7,7,7,7,7,7,7,7,7,7,7,6,7,6,7,6,7,7,7,7,7,7,7,7,6,6,7,7,6,6,6,7,7,6,6,6,6,7,6,7,7,7,7,7,6,6,6,6,6,6,6,7,7,6,6,6,6,7,7,7,6,6,6,6,6,6,6,6,6,7,6,7,7,6,7,7
8,7,7,7,6,8,7,7,7,7,7,7,7,7,6,7,7,7,7,7,7,7,7,7,7,7,8,7,7,6,7,6,7,7,7,7,7,7,7,7,7,7,7,7,6,7,7,7,7,7,7,7,7,8,7,7,7,7,8,7,7,7,8,7,7,8,7,8,7,7,7,7,7,7,7,7,8,7,7,7,7,8,7,7,7,7,8,8,8,7,8,8,8,8,7,7,8,7,8,8,7,7,8,8,8,7,7,7,7,7,7,8,7,7,8,7,7,7,7,7,7,8,8,7,7,7,7,7,7,7,7,7,6,6,7,7,7,6,6,7,7,7,7,7,6,7,7,7,6,7,6,7,6,7,7,7,8,7,7,7
6,6,7,6,5,7,6,6,5,6,6,6,6,6,6,6,6,6,6,6,6,6,6,6,6,6,6,6,7,6,6,6,6,6,7,6,6,6,6,7,6,6,7,6,6,6,7,6,6,7,7,5,6,7,6,6,20,6,7,7,6,6,6,6,6,6,6,6,6,6,7,6,7,6,7,6,6,6,6,7,7,7,7,6,6,6,6,7,6,7,7,7,6,7,7,7,6,7,7,7,7,7,7,6,6,6,7,7,6,6,7,7,6,6,6,7,7,6,7,7,6,7,7,6,7,6,5,6,6,6,6,6,6,6,6,6,6,6,6,6,5,6,6,6,6,7,6,6,6,6,6,6,6,6,7,6,6,6,6,7
6,6,6,6,7,7,7,6,6,7,6,6,6,6,6,6,6,6,7,6,6,7,6,6,6,6,6,6,7,6,6,6,6,7,7,6,6,6,6,6,6,6,6,6,6,6,7,7,6,7,6,6,7,7,6,6,6,7,6,6,6,6,6,6,6,6,6,6,6,7,7,7,7,6,6,7,7,6,7,6,7,7,8,7,7,7,7,7,7,7,6,7,7,7,7,7,6,6,6,7,7,6,6,7,7,7,6,7,6,7,6,7,7,6,6,7,6,6,6,7,6,6,6,6,7,7,6,7,7,7,6,6,5,7,7,7,6,6,6,6,7,5,6,6,6,6,6,6,6,7,6,6,7,6,6,6,6,6,6,7
7,7,7,6,7,7,6,6,6,7,7,7,7,6,6,7,6,6,6,7,6,7,6,7,7,7,6,7,7,6,6,6,6,7,7,7,6,7,6,7,6,7,6,6,7,7,7,6,6,7,6,7,7,7,6,8,7,6,7,6,6,6,7,7,7,6,6,6,7,7,7,7,7,7,7,7,7,7,7,7,7,7,6,7,7,7,7,7,8,7,7,7,7,7,7,7,7,7,7,7,7,7,7,6,6,7,6,7,6,7,7,6,7,6,6,7,7,7,6,6,6,7,6,7,6,6,7,6,7,7,6,7,7,6,7,6,7,7,6,7,7,6,6,6,6,6,6,6,6,7,7,7,6,7,6,6,6,6,6,6
7,6,6,6,6,6,6,6,6,6,7,6,7,6,6,7,6,6,6,6,6,6,6,6,6,6,6,5,6,7,6,6,6,6,7,6,6,8,6,6,7,6,6,6,6,6,6,7,6,6,6,6,6,5,6,7,6,6,6,6,6,6,6,6,6,7,6,6,7,6,6,6,7,7,6,7,6,6,6,6,6,6,6,7,7,6,7,7,6,6,6,6,6,6,6,7,7,6,9,6,7,7,7,7,6,7,6,7,6,7,6,6,6,6,6,6,6,6,6,6,6,6,6,7,6,6,6,6,6,6,6,6,6,7,6,6,6,6,6,6,5,6,5,6,5,6,6,6,5,6,5,6,6,6,6,6,6,5,5,6
7,7,7,8,7,7,7,7,7,8,7,7,8,7,6,7,7,7,7,8,7,7,7,8,7,7,7,7,7,7,7,7,7,7,7,8,8,8,7,6,7,7,7,7,7,7,7,7,7,8,7,6,7,7,7,7,7,7,8,8,7,8,7,7,7,8,7,7,7,7,8,7,7,7,7,7,7,8,8,7,7,7,7,7,7,8,7,7,8,8,7,7,8,7,7,8,7,7,8,8,8,8,8,8,8,7,8,8,8,7,8,8,8,8,7,7,7,7,8,7,7,8,7,7,7,7,7,7,7,7,7,7,7,7,8,7,7,7,7,7,7,7,8,7,7,6,6,7,7,7,7,7,6,7,7,7,6,7,6,7
7,7,7,7,7,7,8,7,8,7,7,7,7,7,7,7,8,7,8,7,7,7,7,7,7,7,7,7,7,7,7,6,8,7,7,7,7,7,7,7,7,7,7,7,8,7,8,7,7,6,7,7,7,7,7,6,7,8,7,7,7,7,7,7,7,7,8,7,8,7,7,8,7,7,7,7,7,8,8,8,8,7,8,7,8,8,7,7,7,7,8,8,7,7,8,7,7,7,8,8,8,8,8,7,8,8,7,7,8,7,7,8,7,7,7,8,7,7,8,7,7,8,7,8,7,7,8,7,7,7,7,7,7,7,6,7,7,7,7,7,6,7,7,7,7,7,6,7,7,7,7,6,7,8,7,7,7,6,7,7
7,7,7,7,7,7,7,6,7,7,7,7,7,7,7,7,7,6,7,7,7,7,7,7,7,7,7,7,7,7,7,6,7,7,6,7,7,6,7,7,7,8,7,6,7,7,7,6,7,7,7,7,7,7,7,8,7,7,7,7,7,8,7,8,7,8,7,8,7,8,7,7,7,7,8,7,7,8,7,8,7,7,7,8,7,7,7,8,8,8,7,7,7,8,8,7,7,7,7,7,7,8,7,7,7,8,8,8,8,7,7,7,7,7,7,7,7,7,7,7,7,8,7,6,7,7,7,7,7,6,6,7,6,7,7,8,7,7,6,7,6,6,7,7,7,7,7,6,6,7,6,7,7,7,6,7,7,7,7,7
8,8,8,8,7,7,8,8,8,7,7,8,7,8,7,8,8,7,7,8,8,8,8,8,7,7,8,7,8,8,7,7,7,8,7,8,7,8,7,7,8,8,8,8,7,8,7,8,8,8,7,7,8,8,8,6,7,7,7,8,7,7,8,8,8,7,8,7,8,8,8,8,8,8,8,8,8,9,8,8,8,8,8,8,8,8,8,8,8,8,8,8,8,64,8,8,8,8,8,8,7,8,8,7,7,8,7,8,7,7,7,8,8,8,8,8,7,8,7,7,8,7,8,7,7,7,8,7,7,8,7,8,7,8,7,7,8,7,8,7,7,7,7,7,6,7,7,7,8,7,7,7,7,7,7,8,7,7,7,7
7,6,6,6,6,5,6,6,6,6,6,6,6,6,5,6,6,6,6,6,6,5,5,6,6,5,6,6,6,6,6,5,5,6,6,6,6,6,6,6,6,12,6,6,6,6,6,6,5,6,6,6,5,6,5,5,7,6,6,6,6,6,5,6,6,6,6,6,7,6,6,6,6,6,6,6,6,6,6,6,6,7,6,7,6,6,6,7,6,6,6,6,6,6,7,6,6,6,6,6,7,6,7,6,6,7,6,7,6,6,6,6,7,6,6,6,6,6,6,6,6,6,6,5,5,6,5,5,6,6,5,6,6,6,5,6,5,5,6,6,5,6,6,5,5,6,5,5,6,5,5,5,5,6,6,6,6,5,6,6
7,6,6,7,6,7,7,6,6,7,6,6,7,7,7,7,7,6,6,6,6,6,6,7,7,6,6,7,6,6,7,6,6,7,6,6,6,6,6,6,6,7,7,6,7,6,6,6,6,6,7,6,6,6,6,5,7,7,7,7,7,7,7,7,6,7,6,7,7,7,7,7,7,7,6,7,7,6,7,6,7,7,7,7,7,7,6,7,7,7,7,7,7,7,7,7,7,7,6,6,7,7,7,7,6,7,7,7,7,6,6,7,6,6,6,7,6,6,7,7,7,6,7,6,6,6,6,6,6,6,6,7,6,6,6,7,7,6,6,6,6,6,7,6,6,6,7,6,6,6,5,6,6,7,6,6,6,6,6,6
7,7,6,6,7,7,7,7,7,7,7,6,7,7,7,7,6,6,6,6,7,7,7,7,7,7,7,7,7,7,7,6,7,7,7,6,7,6,7,7,6,6,7,6,6,7,7,6,7,7,7,7,7,7,6,6,7,6,7,6,7,7,7,7,7,7,7,7,7,7,7,7,7,7,7,7,7,6,7,7,7,7,7,7,7,6,7,6,8,7,7,7,7,6,7,7,7,7,7,7,7,7,8,7,6,6,7,7,7,7,7,7,7,7,7,7,7,7,6,7,7,6,7,7,7,7,7,7,7,6,7,7,6,7,6,6,6,6,7,6,6,6,6,7,6,6,6,6,6,6,6,7,6,7,6,7,6,6,6,6
7,7,7,7,7,7,7,7,7,7,7,7,7,7,7,7,7,6,8,8,7,7,7,7,7,7,7,8,7,7,7,7,7,7,7,7,6,7,7,7,6,7,7,7,7,6,7,7,7,8,6,7,7,7,7,6,7,7,8,7,7,7,7,7,7,7,7,7,8,8,8,7,7,8,8,8,7,8,7,7,7,8,8,7,7,7,8,7,7,7,7,8,8,7,8,8,7,8,7,8,7,8,8,7,8,7,7,7,7,8,8,8,7,7,7,8,7,7,7,8,7,7,90,7,7,7,7,7,7,7,7,7,7,9,7,7,7,7,7,7,7,7,8,7,7,6,7,6,6,6,6,6,7,7,7,7,7,7,7,7
6,6,6,7,6,6,6,6,6,5,6,6,6,6,7,5,7,5,6,6,6,6,6,7,6,6,5,6,6,6,7,6,6,6,6,6,6,6,6,6,6,6,6,6,6,6,6,6,6,7,6,6,6,6,6,6,7,6,6,6,6,6,6,6,6,6,6,6,6,6,7,6,7,6,7,7,7,6,6,6,6,7,7,6,6,7,7,6,6,7,7,7,6,7,7,7,6,6,6,6,6,7,8,7,6,7,7,7,6,6,6,7,11,6,6,7,6,6,6,6,7,6,7,6,6,5,6,5,6,6,6,6,5,6,6,6,6,6,6,6,5,5,7,6,6,6,6,6,6,6,5,6,6,6,7,6,6,6,5,6
8,8,7,7,7,8,7,7,7,7,7,7,7,7,7,7,7,7,8,7,8,7,8,8,7,7,7,8,7,7,7,7,7,8,7,8,7,7,7,7,7,7,8,7,7,7,8,7,7,7,8,7,7,7,7,8,8,7,7,8,7,7,7,7,7,7,7,8,8,7,7,7,7,8,7,8,7,7,8,8,8,8,8,8,8,8,8,8,8,8,7,8,7,8,8,9,7,8,7,7,7,8,8,8,7,7,8,8,7,7,7,8,7,7,8,8,7,7,7,7,8,7,7,7,7,8,7,8,7,7,7,7,7,7,7,7,7,7,7,7,7,7,7,7,7,7,6,7,7,7,7,7,7,8,7,7,7,8,7,7
7,6,7,7,6,6,7,6,7,7,7,6,7,7,7,6,6,7,7,7,6,7,6,6,7,7,7,7,6,7,7,7,6,6,6,6,6,7,7,7,6,7,7,7,6,6,6,7,6,7,6,7,7,7,6,6,6,6,7,7,7,7,7,7,7,7,7,6,7,7,7,6,6,7,7,7,7,7,7,6,7,7,7,6,7,6,7,7,7,7,7,7,7,7,7,7,6,6,7,7,7,7,6,7,7,6,7,7,7,7,6,7,6,6,7,7,7,7,6,7,7,7,7,6,7,6,6,7,7,6,6,6,6,6,6,6,6,6,6,6,6,6,6,6,6,6,6,7,6,6,6,6,7,6,6,6,6,6,6,7
7,7,6,7,7,7,7,6,7,7,7,7,7,6,7,6,6,6,6,7,6,6,6,7,7,7,6,7,7,6,7,6,6,6,7,7,7,6,7,6,6,7,7,6,6,7,7,6,6,6,6,7,7,7,7,7,7,6,6,6,7,6,7,7,6,7,7,7,7,7,6,7,6,7,7,7,7,7,7,7,7,7,7,7,7,8,7,7,7,7,7,7,7,8,7,7,7,7,7,7,6,7,6,7,7,7,6,7,7,7,7,6,6,7,7,7,6,6,7,7,7,7,6,6,7,7,6,6,6,6,7,6,6,7,7,6,7,6,6,6,6,6,6,6,6,6,6,6,6,6,6,6,6,6,6,6,6,6,6,6
7,7,6,6,7,7,7,7,6,7,7,7,7,7,6,7,7,7,7,7,7,7,7,8,7,7,7,7,7,7,6,7,7,6,7,7,7,6,7,6,6,6,7,6,6,7,7,7,6,7,7,7,7,7,7,8,7,8,6,7,7,7,7,6,7,7,7,7,7,7,8,7,7,7,7,7,7,7,7,7,7,7,8,7,7,7,7,7,7,7,7,7,7,7,7,8,7,7,8,7,7,7,7,7,7,7,7,7,7,7,7,7,7,7,7,7,7,7,7,7,7,6,7,7,7,7,7,7,6,6,7,7,6,7,7,7,7,7,7,7,7,7,7,6,6,6,7,6,6,7,7,7,6,7,7,7,7,7,6,7
6,6,6,6,6,7,6,6,6,6,6,6,6,7,6,7,6,6,6,6,7,6,6,7,6,6,7,6,7,6,6,6,6,6,6,6,6,6,5,6,6,6,6,6,6,6,6,7,6,6,6,6,6,6,6,6,6,7,6,6,7,6,7,7,6,6,7,6,6,6,7,6,7,6,7,6,7,6,6,7,6,6,7,6,6,7,6,7,7,7,6,7,7,6,6,7,6,7,7,6,6,6,6,6,6,6,6,6,6,7,6,6,6,6,6,6,6,6,6,6,6,7,7,7,6,6,6,7,7,6,6,6,6,6,6,6,6,7,6,6,5,6,6,7,6,6,6,6,6,6,5,6,6,6,6,6,6,6,6,6
6,6,6,6,6,6,6,6,7,7,6,6,6,6,7,6,6,6,6,6,7,6,6,7,6,6,6,7,7,6,6,6,6,7,7,6,6,6,6,6,6,7,7,7,7,6,7,6,7,6,6,7,6,6,6,6,7,7,6,7,7,6,6,6,6,6,6,7,6,6,7,7,7,6,7,6,6,7,6,7,6,6,6,6,6,7,6,7,7,6,7,6,7,7,7,7,6,7,7,7,7,6,6,6,6,6,6,6,6,6,7,7,6,7,6,7,6,6,6,6,6,6,7,6,6,6,7,6,6,6,6,6,6,6,6,6,6,6,7,7,6,6,6,6,6,6,6,6,6,6,6,6,6,7,6,6,6,6,6,6
7,7,6,7,7,7,7,7,6,7,7,7,7,7,7,7,7,7,7,7,7,7,7,7,7,7,7,7,7,8,6,7,7,7,7,7,6,7,6,7,7,7,7,7,7,7,7,7,7,7,7,7,7,7,6,7,7,7,7,7,7,7,7,7,7,8,7,8,7,8,7,7,8,7,8,7,7,7,7,7,8,7,7,8,7,7,7,8,7,8,7,7,8,7,8,7,7,7,8,7,7,7,7,8,7,8,8,7,7,7,7,7,8,7,7,8,7,7,7,7,7,7,7,7,7,7,6,7,7,7,7,8,7,6,7,7,7,6,7,6,7,7,7,7,6,7,7,7,7,6,6,7,7,6,6,6,7,6,6,7
6,6,6,5,6,7,6,6,7,7,6,7,6,7,6,7,6,6,7,6,7,6,6,7,6,7,6,7,6,7,7,7,7,7,7,7,6,7,6,6,7,6,6,6,8,7,7,7,6,7,7,6,6,7,6,6,6,6,6,6,7,7,7,7,6,7,6,7,7,7,7,6,7,7,7,7,6,7,6,7,7,7,6,6,7,7,7,7,7,7,7,7,6,7,7,6,6,7,6,7,7,6,7,7,6,7,6,7,7,6,6,7,6,7,7,6,6,7,7,7,7,6,7,6,6,7,7,7,7,6,6,6,6,7,6,7,7,6,6,6,6,6,6,7,7,6,6,6,6,7,6,6,6,6,7,7,6,6,6,6
6,7,6,5,6,7,6,7,7,7,7,6,7,7,7,7,6,6,6,6,7,7,7,7,6,6,6,7,7,7,6,7,6,7,7,7,7,7,7,6,7,7,6,7,7,6,7,6,7,7,6,7,6,7,7,7,7,7,6,7,6,7,7,7,7,7,7,8,7,7,7,7,8,7,6,7,7,7,7,7,7,7,7,7,7,7,7,7,7,7,7,7,7,7,7,7,7,7,7,7,6,7,7,6,7,7,7,7,7,7,7,7,7,7,7,7,7,7,7,7,7,6,6,7,6,7,7,7,7,6,6,7,7,6,6,7,6,7,6,7,6,7,7,6,7,7,6,6,7,7,6,7,6,7,6,6,6,6,6,7
7,6,6,5,7,7,6,7,7,7,7,7,7,7,8,7,7,6,7,7,6,7,7,7,6,7,7,8,7,7,7,7,7,7,7,7,6,7,7,6,7,7,7,7,7,7,7,7,7,6,7,6,7,7,6,7,7,7,7,8,6,7,7,7,7,7,7,7,7,7,8,7,7,7,8,7,7,8,7,7,7,7,7,7,7,7,7,8,8,7,7,7,7,7,7,7,7,7,7,9,7,8,7,7,7,7,7,7,7,7,7,8,7,7,7,8,6,6,7,7,7,7,6,7,6,7,6,6,6,7,6,7,7,7,7,7,7,7,7,6,6,7,6,7,6,6,7,7,7,7,7,6,6,6,7,6,6,6,7,7
6,5,5,5,7,7,6,7,6,7,7,6,7,7,6,6,7,7,7,7,7,7,7,6,7,7,7,7,7,7,6,7,7,7,7,7,7,7,7,7,6,7,6,6,7,7,7,6,7,7,7,7,7,7,6,7,7,7,7,6,7,7,7,6,7,7,6,7,7,6,7,7,8,7,7,7,7,7,7,8,7,7,7,7,7,7,7,8,7,7,7,7,7,7,7,7,7,7,7,7,7,7,7,7,7,7,7,7,7,7,7,6,7,6,7,7,6,7,6,7,7,7,6,7,6,6,7,7,6,7,7,6,6,7,7,7,6,7,7,6,6,6,7,7,6,7,7,6,6,6,7,7,6,6,6,6,6,6,6,7
7,5,5,4,6,7,6,6,7,7,6,7,7,7,7,7,7,7,7,7,7,7,7,7,6,6,6,7,7,6,7,7,7,7,7,7,6,6,6,6,7,7,7,7,7,7,7,6,6,6,6,6,7,7,7,7,6,7,6,7,6,7,7,7,7,7,7,7,7,7,6,6,12,7,6,7,8,7,7,8,6,7,7,7,8,7,7,7,7,8,7,7,7,7,7,7,6,7,7,7,7,7,7,6,7,6,7,7,7,7,6,6,7,7,7,8,7,8,7,7,7,6,6,7,6,7,6,6,6,7,7,6,7,6,6,7,7,7,7,6,7,6,7,6,6,7,7,6,6,7,7,9,7,6,6,6,5,5,6,6
7,5,5,5,7,7,7,7,7,7,7,7,7,8,7,7,7,7,7,7,7,7,7,7,7,7,7,7,7,7,7,7,7,7,7,7,7,7,7,7,8,7,7,7,7,7,7,7,7,7,8,7,8,7,7,7,7,7,7,7,7,7,7,7,7,8,7,8,7,7,7,7,8,7,8,7,8,7,7,7,7,7,8,7,7,7,7,7,7,7,7,8,7,8,7,7,7,7,7,7,7,7,7,7,7,7,7,7,7,7,7,7,7,7,7,8,7,9,7,8,7,7,7,7,6,6,8,7,7,8,7,7,7,7,7,6,7,7,7,7,7,6,7,6,7,7,7,6,7,7,6,7,6,7,7,8,5,6,7,7
5,4,5,5,6,7,6,6,6,6,6,7,6,6,6,6,6,7,6,7,7,6,7,7,6,7,7,6,7,6,7,6,7,7,6,7,7,6,7,6,7,7,7,6,6,6,6,6,6,6,7,7,7,6,6,6,7,6,7,7,7,6,7,7,7,7,6,7,6,6,6,7,7,6,6,7,7,7,6,7,7,7,6,7,6,7,6,7,7,7,7,7,6,7,6,7,6,6,7,7,6,7,7,6,6,7,7,6,7,6,6,9,6,6,7,6,7,7,6,7,6,6,7,6,6,7,6,6,6,6,7,7,6,6,6,6,6,6,6,6,6,6,5,6,6,6,6,6,6,6,6,6,6,6,6,7,4,4,5,6
4,5,4,5,6,7,6,6,7,7,6,6,7,6,6,7,7,7,7,7,7,7,8,7,6,7,7,7,7,6,7,7,6,7,7,7,7,7,7,7,7,7,6,7,7,7,7,8,6,7,7,7,7,7,7,7,7,7,7,6,7,7,7,7,7,6,7,7,7,7,8,7,7,7,7,7,7,7,8,7,7,7,7,7,7,8,7,7,8,7,7,6,7,7,7,7,7,7,7,7,7,7,7,7,7,7,6,7,7,7,7,7,7,7,7,6,7,7,7,7,7,7,7,7,7,7,6,7,7,7,6,7,7,7,7,8,6,7,9,10,7,6,6,7,7,7,6,7,7,7,6,6,6,7,7,6,4,5,5,6
4,3,3,4,6,6,5,3,6,5,5,5,5,5,5,5,5,5,5,6,6,6,5,6,5,5,5,6,6,5,5,5,5,6,6,5,6,6,6,5,6,6,5,5,6,6,6,6,5,5,6,5,6,5,5,6,6,6,6,6,6,6,6,6,6,6,6,6,6,6,6,6,6,6,6,6,6,6,6,6,6,6,6,6,6,6,6,6,5,6,6,6,6,6,6,6,6,5,6,6,6,6,6,6,6,6,6,5,6,6,5,6,5,6,6,6,6,6,6,6,6,6,5,6,5,6,6,5,6,6,6,5,5,6,5,6,5,6,6,5,5,5,6,6,5,6,6,5,6,5,5,6,5,5,5,5,3,3,3,5
5,5,5,5,7,7,6,5,7,7,7,7,8,7,7,7,7,8,8,8,7,7,7,6,7,7,7,7,7,7,7,7,8,8,7,7,8,7,7,7,7,7,7,7,7,7,8,7,7,7,7,7,7,7,8,7,7,7,7,7,7,7,7,7,8,7,8,7,7,7,8,8,7,8,8,7,7,7,7,7,8,7,7,8,7,7,7,7,7,8,7,7,8,8,8,8,7,7,8,8,7,7,7,7,7,7,7,8,8,7,7,7,7,7,8,8,7,7,7,8,7,7,7,7,7,7,7,7,8,8,7,7,7,7,7,7,7,6,8,7,6,7,7,7,6,7,7,7,7,7,7,7,6,6,6,7,5,5,5,5
5,5,5,5,6,6,4,5,6,7,7,7,8,7,6,7,7,6,7,7,7,7,7,7,7,7,7,7,6,7,6,7,7,7,7,7,7,7,7,7,7,7,7,7,7,7,7,6,7,7,7,7,7,7,7,7,7,7,7,7,7,7,6,7,7,7,7,7,7,7,7,7,7,7,7,7,7,8,7,7,7,7,7,8,8,7,7,7,8,7,7,8,7,7,7,7,7,7,7,7,7,7,7,7,7,7,8,7,7,7,7,7,7,8,7,7,7,8,7,7,7,6,7,7,7,7,7,7,7,7,7,6,7,7,6,7,12,7,7,6,6,7,7,6,7,6,6,6,6,6,6,6,5,6,6,7,4,4,5,5
5,5,4,4,6,5,5,5,7,7,7,6,7,7,7,7,6,6,7,6,7,7,7,7,7,7,7,7,7,6,7,6,7,7,7,7,6,6,6,7,7,7,7,7,7,7,7,6,7,7,7,6,7,6,7,7,7,6,7,7,7,7,7,7,7,7,7,7,7,7,7,6,7,7,7,8,7,8,7,7,7,7,7,7,7,7,6,7,6,7,7,7,7,7,7,7,6,7,7,7,7,7,7,7,6,7,7,7,6,7,6,7,7,7,7,7,7,7,6,7,7,6,7,6,7,7,6,7,7,6,7,6,7,7,6,7,7,7,7,6,6,6,7,7,7,7,6,7,6,6,6,6,5,5,7,7,5,4,5,5
5,4,4,4,4,4,4,5,6,5,7,6,6,6,6,7,6,6,6,7,6,7,7,6,7,6,7,6,6,6,6,7,7,7,6,6,6,6,6,7,6,7,7,6,7,6,7,6,6,6,6,6,6,7,11,7,6,6,6,7,7,7,6,6,6,7,7,7,6,7,6,6,7,7,6,7,7,7,6,7,6,6,7,6,6,7,7,6,7,6,6,7,6,6,7,7,6,7,6,6,6,7,6,6,7,7,6,6,6,6,6,6,6,7,6,7,6,7,7,7,6,6,6,6,7,7,6,6,6,6,6,7,7,6,6,7,7,6,6,6,6,6,6,6,6,6,6,6,6,6,6,6,4,4,6,6,5,4,4,4
5,5,5,4,5,5,5,5,6,7,6,5,6,7,7,7,7,7,8,8,7,7,6,7,7,7,7,7,7,7,7,7,6,7,7,7,7,7,6,7,7,7,7,7,7,7,7,7,10,7,7,7,7,7,7,7,6,7,7,6,8,6,7,7,7,7,7,6,8,6,7,7,7,8,7,8,7,8,7,7,7,7,8,7,7,7,7,7,7,8,6,7,7,7,7,7,7,8,7,7,7,7,7,7,7,7,7,7,7,7,7,7,7,7,7,8,7,7,7,8,7,8,7,7,7,7,6,7,7,7,7,7,7,7,7,7,6,7,7,7,6,6,7,7,6,6,6,7,6,6,6,7,4,5,5,6,4,5,4,4
5,5,6,5,6,5,5,5,6,7,6,5,7,8,7,7,7,7,7,8,7,8,7,7,8,7,8,8,7,7,7,8,7,7,7,7,7,7,7,7,7,8,7,7,7,7,9,8,7,8,8,8,8,7,7,7,7,7,7,7,8,7,7,8,7,8,8,7,8,8,8,7,7,8,7,8,7,7,7,8,7,8,7,8,7,7,8,8,7,7,8,7,8,7,7,7,8,7,8,8,7,7,8,7,8,8,8,7,7,7,7,8,7,8,8,7,8,8,7,8,7,8,8,8,7,8,8,7,7,12,8,7,8,7,8,8,7,7,7,7,7,7,7,7,7,8,7,7,7,6,7,7,5,5,5,6,5,5,5,5
4,4,4,5,5,4,4,5,6,6,4,4,6,6,6,6,7,7,6,6,7,6,6,7,7,7,7,6,6,7,7,7,6,6,7,6,7,6,7,7,7,7,7,7,7,7,6,7,7,7,6,6,7,7,6,7,6,7,6,6,6,7,7,6,7,7,7,6,7,6,7,7,7,7,6,6,6,7,6,7,7,6,7,6,7,7,6,7,7,7,7,7,6,7,7,7,7,6,7,7,7,7,7,7,7,6,7,7,7,7,6,6,6,7,6,6,7,7,6,6,6,7,6,7,6,6,7,7,6,7,7,6,7,7,7,6,6,6,7,6,6,6,6,6,6,6,6,6,5,6,5,6,4,4,4,4,4,4,4,5
4,4,4,4,5,4,5,4,6,4,4,4,6,6,6,6,7,6,6,6,6,6,6,7,7,6,6,6,7,6,6,6,6,7,6,7,6,6,7,6,6,6,7,7,6,6,7,6,7,7,6,7,6,7,12,6,7,6,7,7,7,6,7,7,7,6,7,6,7,6,6,6,7,7,7,7,7,6,7,6,6,6,7,7,6,7,6,7,7,7,6,6,6,8,7,7,7,7,7,6,7,6,6,6,7,7,6,6,6,7,6,7,6,7,6,6,7,6,6,6,7,7,6,7,7,6,6,6,7,6,6,7,6,6,6,7,7,7,6,7,6,6,7,6,6,6,6,6,4,5,5,6,3,4,4,4,4,4,4,5
5,4,4,5,4,5,5,4,5,4,5,5,7,6,6,6,7,6,7,7,7,7,6,7,7,6,7,7,7,7,7,6,7,7,7,7,7,6,7,7,7,7,7,7,7,7,7,7,7,7,7,6,7,7,7,7,7,6,6,7,7,6,7,7,7,7,7,7,7,6,7,7,7,7,7,7,7,7,7,7,6,8,7,7,7,7,7,7,7,7,7,7,7,8,7,7,7,6,7,7,7,7,7,7,7,8,7,7,7,7,6,7,7,7,7,8,7,7,7,7,7,6,6,7,7,7,7,7,7,7,7,7,7,8,7,7,7,7,7,7,6,6,7,7,6,7,6,6,5,5,4,7,5,5,5,5,4,4,5,4
5,5,6,5,5,5,5,5,5,5,5,5,7,7,6,6,7,7,7,7,7,7,8,7,7,7,7,7,7,7,7,7,7,7,7,7,7,7,7,8,7,8,7,7,7,7,7,8,7,7,7,7,7,7,7,7,7,7,7,7,7,7,7,7,7,7,7,8,7,8,7,7,7,8,8,8,8,8,7,8,7,8,8,7,7,8,7,7,7,8,7,8,8,7,8,8,8,8,7,7,7,7,7,7,7,7,8,7,8,8,8,7,8,7,7,8,7,7,8,8,7,7,7,7,7,8,7,7,7,7,7,7,7,7,7,7,7,7,8,7,7,7,7,7,6,7,7,7,8,5,5,6,5,5,4,5,5,5,5,5
3,4,4,4,4,3,4,3,4,4,4,4,6,6,4,4,6,6,6,6,6,6,6,6,5,6,6,6,7,6,7,6,5,7,6,6,6,5,6,6,6,6,7,6,6,6,6,6,7,6,6,6,7,6,6,6,6,6,7,6,6,6,6,6,7,7,6,7,6,6,6,6,6,6,6,6,6,7,6,6,7,6,7,6,6,6,6,7,7,6,6,6,6,7,6,7,6,7,6,7,6,6,6,6,6,6,7,6,7,6,6,6,6,6,7,6,6,7,7,6,6,6,6,7,6,6,6,7,6,7,6,6,6,6,6,7,6,6,6,6,6,6,6,6,5,5,6,6,4,3,4,3,3,4,3,4,4,4,3,4
4,4,4,4,5,5,5,4,5,4,5,4,6,5,4,5,6,6,7,6,7,6,6,7,7,6,7,6,7,7,6,7,6,7,6,6,6,6,7,7,7,7,6,8,6,7,7,7,6,7,7,6,7,7,6,7,7,7,7,6,6,6,7,7,7,6,13,7,7,7,7,7,7,6,6,7,7,7,6,7,7,7,7,7,7,6,7,7,6,7,7,6,7,6,7,6,7,6,7,7,7,6,7,6,6,7,7,7,6,7,7,7,6,7,7,8,7,7,6,7,7,7,7,7,6,7,7,6,7,7,7,7,7,6,7,7,7,6,6,7,6,6,7,6,4,5,6,6,4,4,5,4,4,5,5,4,5,5,4,4
4,4,4,5,4,4,4,4,4,5,5,4,4,5,4,5,6,6,6,5,6,7,6,6,6,6,6,6,7,7,7,7,6,7,7,7,7,6,6,6,6,7,6,7,7,7,7,6,7,6,7,7,6,6,6,7,6,7,6,7,6,6,7,6,7,6,7,6,7,7,7,7,7,7,6,7,7,7,6,7,7,7,7,6,7,6,7,7,7,7,6,7,6,7,7,6,6,6,7,6,7,7,7,7,7,7,6,6,7,7,7,7,7,6,6,7,7,7,6,8,7,6,7,6,7,6,6,6,6,6,6,7,6,6,6,7,6,7,7,7,6,6,6,7,4,4,6,6,5,4,5,4,4,4,4,4,4,4,4,5
5,4,5,5,4,5,5,4,4,4,5,4,4,4,4,5,6,6,6,5,7,7,6,6,7,7,6,6,6,7,6,6,7,7,6,7,7,6,7,6,7,7,7,7,7,6,6,7,7,7,6,8,7,7,7,7,7,6,6,6,7,7,7,7,6,7,7,7,7,7,7,7,7,7,7,6,6,7,7,7,7,7,7,7,7,7,7,7,7,7,7,7,6,7,7,7,8,7,7,7,7,7,7,7,7,7,7,7,7,7,7,7,6,7,7,7,7,7,7,6,7,7,7,7,7,6,7,7,6,7,7,6,6,7,7,7,7,7,7,7,6,6,6,7,4,4,5,5,5,4,4,4,5,4,4,5,4,4,4,5
3,3,4,4,3,3,3,3,3,4,3,3,3,4,4,4,5,4,4,4,5,6,5,5,5,5,6,6,6,5,5,6,5,5,6,6,5,5,6,6,6,6,6,6,6,6,5,6,6,6,6,6,6,6,5,6,5,5,5,6,6,6,6,6,6,6,6,6,6,6,6,6,6,5,5,6,6,6,5,6,6,6,6,6,6,6,6,6,6,6,6,6,6,5,6,6,6,6,6,5,6,5,6,6,6,6,6,6,6,6,6,6,6,6,6,6,6,6,6,5,6,6,6,6,6,5,5,6,6,6,6,5,6,6,6,5,6,6,5,6,4,5,5,5,3,4,3,4,3,3,3,4,3,4,4,4,3,4,3,3
4,4,4,4,28,4,4,4,4,4,5,4,4,4,4,4,6,5,4,4,5,6,6,6,6,5,7,6,6,6,6,6,6,6,6,6,6,6,6,6,6,6,6,6,6,6,6,7,6,6,6,6,6,6,6,6,7,6,6,7,7,7,6,6,6,7,6,6,6,6,6,6,6,7,6,7,6,6,6,6,7,8,6,6,6,6,6,7,7,6,6,6,7,7,7,7,7,6,6,206,6,6,7,7,6,7,7,7,6,7,7,7,7,6,6,6,7,7,6,7,6,7,6,6,6,6,6,7,7,6,6,6,6,7,6,6,6,5,6,6,4,5,6,6,4,4,4,4,4,4,4,4,4,4,4,4,4,4,4,5
4,4,4,4,4,4,4,4,4,4,5,4,4,4,4,4,5,5,4,5,6,6,6,5,6,6,7,6,7,6,6,6,6,7,6,7,6,6,6,7,6,6,7,7,6,6,7,6,7,7,7,6,7,7,6,7,7,7,7,6,7,7,6,7,6,6,6,7,7,6,7,6,7,6,7,6,7,7,7,7,7,6,7,6,7,6,6,6,7,7,7,7,6,6,7,7,6,7,6,31,6,6,7,6,6,6,6,6,7,7,6,7,7,7,6,6,6,6,7,6,7,7,7,6,6,7,6,7,6,7,6,7,7,6,7,7,6,6,7,6,4,4,5,5,4,4,4,4,4,4,4,4,5,4,4,4,4,4,4,4
4,4,4,5,4,4,4,4,4,4,5,4,4,4,4,4,4,4,4,4,6,5,6,5,6,6,6,6,6,6,6,6,6,6,6,6,6,6,6,6,6,6,6,7,6,6,6,6,6,7,5,6,6,6,6,6,6,7,6,7,7,6,7,6,6,6,6,6,6,7,6,6,6,6,7,7,6,7,7,6,6,6,6,6,6,6,7,7,6,6,6,6,6,6,7,7,6,7,6,6,7,7,6,6,6,7,7,7,7,7,6,7,6,6,6,6,7,6,6,6,7,6,6,6,6,7,7,6,6,6,6,7,6,6,6,6,6,6,6,6,4,4,4,5,4,4,4,4,4,4,4,4,3,4,3,4,4,4,4,4
4,4,5,4,5,5,5,4,5,5,5,5,4,4,4,4,4,5,5,5,6,5,5,5,6,6,5,6,6,6,7,6,6,7,7,6,7,6,6,7,7,7,6,7,7,6,6,7,6,7,6,6,6,6,7,7,6,7,6,7,6,7,6,10,6,7,7,7,6,7,7,7,7,7,6,7,7,6,6,7,6,6,6,6,7,6,6,7,7,7,6,7,6,7,7,7,7,6,7,7,7,6,7,6,7,7,6,7,6,6,6,7,7,7,6,7,7,7,7,6,6,7,7,7,6,7,6,6,7,6,6,6,6,6,6,7,5,5,5,6,4,4,4,4,4,5,4,5,4,4,5,4,5,4,4,4,4,4,4,5
